drop table if exists employees_committees;
drop table if exists employees;
drop table if exists pay_details;
drop table if exists teams;
drop table if exists committees;

create table committees (
        id INT PRIMARY KEY,
	name VARCHAR(50)
);

create table teams (
        id INT PRIMARY KEY,
        name VARCHAR(50),
        charge_cost VARCHAR(4)
);

create table pay_details (
	id INT PRIMARY KEY,
	local_account_no VARCHAR(50),
	local_sort_code VARCHAR(50),
	iban VARCHAR(50),
	local_tax_code VARCHAR(50)
);

create table employees (
	id INT PRIMARY KEY,
	first_name VARCHAR(50),
	last_name VARCHAR(50),
	email VARCHAR(50),
	ip_address VARCHAR(20),
	mac_address VARCHAR(50),
	department VARCHAR(50),
	team_id INT NOT NULL references teams(id),
	grade INT,
	country VARCHAR(50),
	fte_hours NUMERIC(3,2),
	pension_enrol BOOLEAN,
	salary INT,
	pay_detail_id INT UNIQUE NOT NULL references pay_details(id),
	start_date DATE
);

create table employees_committees (
        id INT PRIMARY KEY,
	employee_id INT NOT NULL REFERENCES employees(id),
	committee_id INT NOT NULL REFERENCES committees(id)
);

COPY public.pay_details (id, local_account_no, local_sort_code, iban, local_tax_code) FROM stdin;
1	33305834	09-95-56	HR72 3447 9133 3004 6430 0	cg6866f
2	90030297	92-24-41	PS10 XDNX O2XP KGJF OBTY 40WI TVKI G	jc4158o
3	34312560	29-18-02	CR13 0702 2797 3738 6533 0	lg9978t
4	05857271	66-39-73	TR18 2882 6AHE NDZU YTM4 BH4I 7D	tx0122l
5	52528923	17-03-18	BR15 6477 7657 3885 9307 9311 942Q Q	ev7577d
6	53251763	30-06-79	FR89 5677 9896 86JV 8YXQ TSBD M58	at2525g
7	51220831	75-84-89	PK84 COKB VCPX 4HXR TKCJ ECVP	es7138m
8	20250958	97-62-23	\N	\N
9	44302327	34-51-40	\N	\N
10	69249334	67-70-77	NL60 AWEK 9752 1116 74	ud1328m
11	02011819	14-64-19	\N	\N
12	03723673	26-50-28	IE35 AYJG 4910 1356 9092 27	oi6749a
13	98280188	84-70-88	EE94 3276 7753 7467 1643	cf8469i
14	72338114	60-62-41	CY16 1554 4337 QXLO PNKK SKI8 SPRV	sn5159e
15	19685320	59-18-48	SI65 9507 7453 0822 349	pf3589d
16	11770094	23-04-04	HU03 9805 8374 7615 1623 0004 7580	vp8719e
17	72807455	98-28-44	SI28 1211 8875 5153 045	yh6748s
18	54685540	50-07-86	CY94 4167 6314 DCIE P7JA WEBZ ZHUF	zv2846s
19	00536107	49-51-39	FR06 5319 1111 33NF HSU1 ZE68 A44	qh8026f
20	46990594	64-33-15	FR31 9682 6785 49ST 0NCF 72DK C42	ks5060o
21	45098860	75-84-02	AE58 3046 2320 8921 2437 668	ut1396i
22	59702129	26-49-81	DK27 6182 0640 8648 83	um1496p
23	03344246	10-33-58	BH64 KCAE FPUR AM4J VD9K DA	lm7565f
24	47830191	13-75-16	FR72 0745 3107 935O 9W1K Z1IH Z40	gk8009y
25	68557157	28-32-90	FI25 9938 0753 7835 32	yz8921t
26	36559878	55-02-75	BG94 TSVE 7982 26GG JA8X OH	kg6940a
27	37977015	16-42-05	CY52 2350 3053 LO5Y UE0U IYEY MPC7	os9145m
28	88696311	40-28-20	CH83 4489 2SEN 3ZZU XVTK W	lq2344s
29	68721195	76-72-90	DO05 KKAM 0186 5569 5890 6480 9991	bs0416o
30	85699879	64-97-71	FR18 4593 9172 62SG 12SR ODCH 667	ij7892l
31	32000703	35-16-23	TR56 5535 0RVA YHLH YVHT IH7U 6E	vv5542y
32	57148345	70-13-72	PL05 9539 9575 6564 8594 8709 9786	gr6266v
33	21495867	54-45-77	CZ06 5965 2800 7676 3946 2676	cd1974n
34	87231452	09-14-03	FR90 5210 6110 93DK BZOB 7PMP V89	aq2429g
35	44801170	64-44-64	CH14 1093 7S39 6YXP W35J D	nq9651w
36	69541141	07-40-63	AL29 6241 5113 XDFR GDEG 5T0K SVMZ	me6907z
37	32692774	61-65-02	DO20 G9AU 2635 3367 5709 9190 2308	lc6073d
38	24633672	73-05-89	BH68 BABC NPLX GFCA BTGC WU	ud8780w
39	26992980	77-12-39	FR85 7723 2701 58U4 TMOS RJW2 B86	iu0620c
40	65395994	97-33-16	FR80 1490 3244 58X2 D3MD 6QC0 H55	lw9686d
41	11563879	10-76-02	DE54 0636 9081 0739 3960 65	ck4797d
42	56530810	74-19-45	GT37 H8NE 2UBC KDIT DASB Y2WP ZLFW	rl7922b
43	02331081	20-65-78	FR66 4264 7741 29HL PSBP SUMK V93	iv4051z
44	07113401	28-56-72	AL66 3122 9146 NUSQ QGIA B74W NRST	nz4209q
45	66676356	08-70-32	SK74 2721 5090 5027 4408 1635	bc3984z
46	69732582	15-96-69	GR86 8208 636S ERX1 EKXO QHWB CLI	yj5952a
47	71771345	16-05-36	NL54 SBFB 2893 8007 93	jz3529j
48	\N	\N	KZ58 855Z VO1C BQ51 FEH9	ws0436u
49	45310292	58-57-73	\N	\N
50	53973081	12-46-58	KZ44 346P PBWY JF9O D3EC	vy1365i
51	86442289	77-23-79	GL04 4879 6426 6305 68	oy9873d
52	42186920	58-65-89	\N	\N
53	40166160	89-20-07	BR56 1118 9234 8639 1188 4546 670A U	mk3818d
54	81107913	84-64-81	BG66 BRUD 1212 31OH TAPU 0X	kg4913z
55	20911106	64-15-05	FR50 6617 9209 60I4 BVPA YWRY F01	iu6391y
56	66013134	67-02-81	\N	\N
57	\N	\N	CZ44 1893 9420 3647 4702 9522	sb4622l
58	40938815	45-20-63	BE53 3036 6365 6150	sp7751f
59	33947492	86-96-35	PK98 WNGT TMMH MSUI QYFJ J7W3	dc5329k
60	75789785	73-20-82	HU30 5869 0086 9381 0697 4660 3173	ti7878k
61	95247285	75-04-61	\N	\N
62	24235592	35-60-22	LV20 HQBO GUFC ER2D WAVR Y	kl0293i
63	\N	\N	ES50 6222 7276 9992 5773 5432	co1271c
64	23555714	44-45-19	FR56 5331 7855 193V PXDC NRR5 Q89	ou5128e
65	73379135	41-44-22	PT90 4578 6618 5213 5288 3114 8	ic6781t
66	77361329	27-30-27	ME81 0311 9294 9706 9551 70	yn7442p
67	45363970	00-83-11	CZ18 5999 8940 7955 0124 0904	ug3546p
68	48388050	13-14-07	LV12 RVCX VRSZ 5AAS LZZP 0	zl4369k
69	51538710	46-75-94	HR98 2557 2739 4175 9975 4	ln5193n
70	00552514	05-63-60	BH71 CBBJ HBTB YG2G IZSC LK	lx3499e
71	32486866	68-62-38	ES15 9272 5577 4769 1995 7740	bn0980q
72	91784742	57-16-40	EE58 9556 1123 1326 8602	vh5947i
73	12402307	82-48-21	FR43 5229 0923 84CD J4KO 9DS2 G22	bv3253z
74	27175407	98-24-37	\N	\N
75	81093304	90-43-09	SI21 8787 5740 1969 221	wx8287h
76	70895848	42-52-52	BG66 HZGN 1278 21E0 7JSD GR	ct6935x
77	36578857	62-81-47	AT08 2253 0100 7166 4183	st2907b
78	78607618	99-05-88	NL22 RWCA 0005 3820 47	ej3102l
79	55846603	59-62-45	FR84 3744 4777 34LX BEAZ 78NZ 047	lw5593w
80	21644463	33-42-26	PK12 OUOD Z2ZO RDFQ XSMU XUJZ	it3181j
81	15998367	34-05-60	CH54 7445 4KL5 9K8M I9XQ Y	to2208y
82	32390552	88-20-44	EE12 0438 5007 2843 7190	vi8583l
83	24263207	51-85-29	FR53 7855 0304 72AF TV2C VDRP R26	ge6311a
84	57303774	35-90-70	DE63 8776 4477 8594 1623 91	ga3801z
85	52103630	09-03-46	AL84 8617 9120 LVIC 4MHB WYE0 WDRU	uh4149k
86	06717841	18-38-50	FR66 8102 2760 933I CNLL CRKD V31	no4262s
87	14144030	54-49-54	AL84 1286 1759 ZUGT AQ5K 6FJV 6TSB	dt0860p
88	46043382	24-04-30	FR18 2365 2691 04ER JXXT JS6E K37	hb6778o
89	98780396	32-93-39	EE71 4981 0930 5744 4342	cx7754x
90	24422179	89-84-81	SI07 2502 3426 1065 821	ip6832l
91	51570530	89-42-81	IS13 0440 9696 3650 6280 0704 94	my6612x
92	24791080	65-60-75	DE68 9247 8235 0913 6533 43	iv4252t
914	\N	\N	CR52 7751 7472 5020 7266 0	sw4012r
93	02442022	32-04-71	IT37 P539 5890 550M IHJK UN9T KXV	tx2089d
94	\N	\N	FR80 3383 0093 64LY Q4F8 KTXF Y48	ht9122j
95	58460377	46-31-82	DK45 7197 8822 6448 35	mj4106f
96	70279717	62-52-94	FR73 1347 6157 60VL LZJ0 2MLT 235	yz1995o
97	04385991	73-50-63	\N	\N
98	39835255	10-79-84	FR71 3222 2218 416L UF4Z BCOR K12	pm6198z
99	13022265	89-18-79	MC50 0497 3818 09YG UK4Q 6QU4 D66	ns1529i
100	78184574	23-26-12	FR51 4042 1688 99CS 2TCB VKMX 108	kj7164f
101	90435437	90-36-22	CZ32 1322 2346 3166 9108 2290	tc7425s
102	54929632	49-59-46	FR21 8363 1777 52CS HJCS 05MF B36	uy7530j
103	85746964	62-59-11	IT31 Y891 7702 056B FU12 KDNX O80	sw8845y
104	17799917	03-50-43	\N	\N
105	55569718	74-71-89	LB30 6546 3MXG 0YQD ZK69 OSDK C8LY	ep4542l
106	98462109	65-16-57	ES55 8603 2317 3176 1448 6633	lj0085s
107	26190648	88-17-76	HR83 3830 4215 4434 0054 8	dr0910g
108	89140384	21-18-78	BR08 2029 9231 5050 9989 1686 138A W	sz4357z
109	60592721	53-32-65	MT69 NMMJ 2204 7CGH ZJXR BFHS OS1G UXW	jz4771o
110	70939446	80-18-79	SE78 9315 5228 0813 5989 9488	cm1894v
111	41926524	91-35-58	PK85 NIVB SFOA BHVL J3SN WF0K	jx2502u
112	76525891	28-24-41	DO15 WFGL 0155 6275 5500 8468 8196	ku5388a
113	24066927	22-45-05	SK18 6068 9586 8448 1764 8149	vh2399r
114	67140255	80-15-77	CY98 6459 5011 IEY6 7UYQ 750G D2VP	oc3285a
115	91071710	50-66-51	FR38 5221 3563 89RV 5OAJ GEEL K62	gh2131a
116	70620852	19-18-50	FI05 9876 1234 2990 31	xd0459l
117	18033335	82-77-04	FR14 2685 5785 62WE LEGU YRPR U58	zw1066p
118	46666020	01-27-67	ME89 8255 6784 6177 4889 12	rk2940s
119	53879946	68-85-02	PK19 ECGS MX8D ZFQG HEXO CBX0	ku5639u
120	80066421	26-57-08	RS42 5627 1447 5410 4045 22	si9044c
121	95130094	02-38-48	IE02 BUGZ 4773 7033 0932 23	mt7536d
122	63960815	42-82-57	\N	\N
123	58986167	77-61-94	BH25 IUEP 1DRK EAVJ P8HM HB	hk4953k
124	84731711	54-45-56	RO64 HWDH CYXP JVFY VXRR XXKG	xl4869p
125	77210053	94-43-15	DE55 0948 0391 4606 7171 11	lo1743z
126	88814113	25-67-68	MD29 9AHH BJYG 9EQ2 7HNP GVDA	sh5243t
127	03151493	67-18-21	DK55 1820 6611 9198 10	ts8673z
128	11336455	92-33-11	CR70 5557 6629 6568 3591 0	jr8629r
129	62952558	68-14-62	VG56 ECRB 5438 7530 9721 3365	dk6866b
130	70202322	46-62-13	TN83 8820 2078 3756 8075 4676	wl1876z
131	36360725	95-24-82	HU66 3791 4609 7862 1439 2463 3213	kt1805a
132	76314161	40-67-38	GE21 LK60 6224 3231 6340 41	tt6842q
133	75646788	88-14-77	MR53 9595 4825 2802 1526 1170 258	hm6714r
134	13769829	57-29-11	BH43 LTKT YCTC ZDAC 8ULK HZ	yi1997f
135	83222306	85-52-18	IT31 R109 8182 7591 QKWV DXGQ MUZ	ch0290s
136	30155120	97-79-87	ME78 5443 3978 0917 0529 05	sc6387w
137	13863911	53-76-75	AZ69 MLIP 9BMW CU2C TX6B RWEF GWHZ	ro4947t
138	91647979	42-51-35	FR57 4654 2429 987B EUGS OYDQ S49	sm5777a
139	29275956	99-64-43	PL76 6859 7595 2070 6439 4963 9582	ii1045k
140	84755180	22-66-72	FR48 6888 6619 38H6 0HLA KANU 208	yc3624i
141	08410522	53-19-50	LT81 0939 8127 5161 1901	kj5394a
142	71795149	06-77-03	FO30 5050 8870 1502 73	vs8622h
143	17761084	43-59-81	PL11 1191 2375 0633 4778 4760 6453	zi3408h
144	04734299	59-64-89	LV57 MJUO 93EV Z1YQ DVZR U	jc3526y
145	56041537	51-54-19	GI49 OGNJ WJJC DXIE 5KIO DT7	xs0763b
146	93141285	62-88-44	AZ32 BMSS L9JH B5IA SIMI XHQI 9IAA	nj1363y
147	\N	\N	IE90 UZTF 4405 0839 6219 12	lr1147c
148	83871157	30-53-51	FR91 0274 7546 00EC GYRY IEBH M07	fn5130k
149	54789826	95-11-95	LI35 6827 3EZU LZXR T6G3 M	ds1822m
150	\N	\N	BR12 3319 4188 8677 3510 8849 834B F	sm8816h
151	19133810	03-78-25	FR43 4081 9164 47RR JZUQ XJ1F R64	pk8325e
152	26014993	35-38-60	AT45 5976 7563 3437 1085	ig8722k
153	77664080	48-92-21	CY54 3025 7505 CQC7 KKAO DF65 TOMS	fo4509j
154	46522672	32-46-03	GB27 RDSG 6164 9676 6787 43	tq1869j
155	15047501	66-59-98	GR62 6398 454I 7QPM QQO6 6TCK XA9	yp7125s
156	08642933	25-63-19	MT23 KSQP 2573 3RJM BKHX DNDG GQGD B0N	jg8095q
157	36224216	36-68-78	PL76 2140 7089 6781 8422 2352 7432	zh3830u
158	74725534	01-05-48	FR89 0481 7516 75RU UTNE WWE2 S94	am1380a
159	86733484	41-34-26	FR50 9465 9195 80UE JSWQ AMDY G11	up6428x
160	91564765	27-57-27	MK96 410Q FFPR PPN7 U01	jo1593n
161	03800710	25-79-48	CH35 3407 1TP6 RVRF PJID Q	ks9401p
162	47328682	28-87-73	BE85 0343 6945 6833	xf6258k
163	70577057	42-14-46	TN85 4560 0795 7575 8126 1093	ap9830d
164	42905897	09-87-02	IS89 4017 4597 6392 8192 2187 70	lw2966z
165	24372440	11-45-87	TR88 6348 4SNX AOVG SFSX D1MU WO	of7101b
166	61650096	87-76-72	AE12 5424 5400 2794 7092 030	it5617o
167	34934986	33-72-09	NL76 PPBE 2977 0453 91	gm2331q
168	63133697	65-91-68	AE29 4983 2760 9333 6508 883	tw0647t
169	76145679	88-75-88	AT45 4345 2527 9012 0287	wy6640x
170	38539472	37-97-19	TR05 5973 3WQC 0N0A MRWW NAOK ZC	rm3174j
171	66938908	36-41-83	FR87 0668 3984 90BV Y3Z6 P5RQ T15	wt2170z
172	29527574	88-25-99	CR84 5969 8187 7341 6698 6	wb2380o
173	18641968	88-86-54	FR60 8641 4306 66ZA FDNQ JKFN L91	wk3193d
174	66830343	10-77-43	FR27 2394 0342 59IT NOR7 QCPQ G41	uq2401t
175	33845985	46-02-31	DE65 5535 1547 4095 7999 61	np8247g
176	74387726	09-49-24	TR61 5895 2KYA SLWP PL42 GLA4 FI	un8019f
177	36472927	84-66-23	BR69 5287 3163 2127 4034 1901 549U Y	fp4255n
178	74022572	79-55-32	BA35 2381 7519 3659 9330	pk4345j
179	13008915	86-15-29	EE76 5563 0161 6832 9995	if8946g
180	34695138	60-81-98	MC74 4969 9587 39DG QIEC PSD7 Z82	lz0960o
181	59813580	14-78-88	FR04 7234 6650 49EB JWON CZGF Q45	zv7972m
182	17131977	39-94-77	\N	\N
183	04894036	19-75-57	MD78 QBMB DNCT NRZH QDYA ZB5Y	xr7177b
184	12281588	32-78-30	LI82 7062 01JB 0IZY ZBWZ S	aa3017c
185	81613925	04-49-01	DO33 72YO 2418 7480 7131 5933 1558	hn6134s
186	08951153	49-29-17	SE25 4465 8633 1148 9103 4251	uw3896f
187	\N	\N	IE64 KMAF 3968 3597 4743 25	qs2163l
188	53608979	81-55-36	MU78 OLIZ 1738 2182 3693 1910 957P BQ	xy9799s
189	17382643	59-33-58	FR14 0614 0094 72UM FLJH QTAT X28	ou1627v
190	62661125	65-28-74	CZ39 4374 2250 8539 2965 2645	oc5276l
191	40067632	84-90-58	MT95 ZTLY 6833 8DIM DI86 HJM3 ZAVW 4UK	pl4457g
192	48069617	23-78-00	TR39 3190 0PBM W00E DPDC X3MK QY	ao6382w
193	66068132	09-72-84	VG11 TKPM 8017 9873 5708 5955	nv6150z
194	64179422	87-61-71	CZ23 0828 4231 4306 5940 4885	bk0608d
195	15911764	93-62-68	BG61 XJBE 5302 964Y FOYT AA	pj6319e
196	22493614	89-38-28	IT28 L295 6313 5415 FUMR Q7CT 1EN	vl0343r
197	02114980	94-34-78	FR56 5461 2017 426S AQMS NIUV J71	ql2590d
198	84779918	69-16-65	PK11 VKMX 8XYP CZ7B P1NG 8E8M	kp9638o
199	28964877	84-48-93	FR39 5104 3571 43CC TNGB PY8L 191	ir5808v
200	39083298	04-57-16	MD11 L1XQ A01T KCGF U6WB TLG4	mt7681w
201	29284428	85-34-32	SE75 2796 7789 6067 8496 6313	mn7888v
202	64276327	16-39-08	SM03 G487 4616 589G R1SO JHLS XVI	tq2410h
203	59932148	66-03-02	FI79 9309 8827 5197 23	qm8806j
204	87764184	96-10-08	AL93 9594 1566 QZXW AGO9 FE9T 4JT6	mt3550f
205	62734029	76-71-64	CZ84 5715 1431 1108 3496 8337	kt2877s
206	88471072	70-34-05	MD60 92DC CRTS GVWE XEEK 64RX	pe0666t
207	46423918	26-00-57	FR91 2276 4630 17OH XGXK BQ7E A12	aq6495c
208	\N	\N	BG09 ANBL 7313 23RW TOQL T9	ul0051h
209	72272843	12-18-17	FR13 7790 7571 72VM CTFH ZV5V R65	pv8967b
210	16863753	23-23-29	\N	\N
211	35947278	84-40-51	LI37 4675 01JB UOSC QSHO R	ok1950x
212	73618293	60-12-14	AT90 2109 9185 4778 0704	ic2715y
213	05114263	05-77-31	GI95 NZEJ E7RO VZTQ BQ4P CAA	sq3382w
214	68053369	40-36-51	NO22 4468 8053 874	za8357k
215	55173166	82-90-58	RS12 7855 8641 1907 3934 82	ot6520c
216	27186341	06-43-11	GB28 XXKP 7242 2933 1371 44	tl1642r
217	74954232	72-93-40	MC44 2203 0249 568Z VRYC HDEJ B15	cv2406j
218	58349120	49-85-31	HU98 8925 4051 1908 3332 4659 0745	pu7834b
219	02473341	95-14-70	DO40 OLUB 2462 7541 1975 7147 2392	pe7497q
220	94361574	82-95-99	HU18 4391 9000 4522 5381 7945 3308	oa0040s
221	32793932	30-74-48	HU16 1424 0457 8273 2814 9636 2136	bl4416m
222	90228424	94-19-85	BR19 2352 0571 7651 2301 6183 304D Q	hj4660q
223	87204608	07-58-93	KZ58 600Q CLNU GDBF FY3F	rj0950p
224	09026610	03-95-47	FI20 0727 6725 6814 49	ny4909x
225	44521586	19-92-89	KZ07 621R UZT3 DJ35 UOPY	hk2002w
226	08607664	10-78-43	MD39 JILL TEME TQZ6 GAUO AJSB	iu1708i
227	26314710	67-86-77	HR32 8535 6423 8819 7323 9	eh1634f
228	09277574	96-06-30	AL04 8617 5305 DHJX UG5W TRJZ TFXH	ru7043i
229	79097417	21-15-16	HU48 6551 3387 6837 2008 7435 0612	fn1521q
230	32369212	29-27-10	SK41 9333 0744 5523 5747 3156	uk6143x
231	88702450	47-50-21	PT84 4628 3663 6086 6339 0343 8	df3710u
232	55692797	68-87-64	MK11 918R KP12 RSMV 353	au8435e
233	35001824	76-29-01	FR03 4662 3109 55LQ XRXB 2RKL G31	lg1058t
234	41249574	73-84-59	BG89 PWBS 9366 9630 MRMB DB	dv8628x
235	86265640	21-04-31	IT12 K207 7986 946G US7U F8DC YFV	af4201g
236	42157802	23-75-46	IT15 N232 6873 596Z A3O3 FIDH Z2K	de3489z
237	67098657	85-73-82	FR41 5383 9175 04ZN H87S ECRB J85	ot0221d
238	48017064	94-56-44	\N	\N
239	44854016	17-17-40	FR35 6532 1070 67JE GYUI CIXE E39	hh8652e
240	60039365	91-96-75	FR21 5309 8581 15LI N9XA VSRF K17	dd6518p
241	65405087	77-72-48	ES90 4720 6602 0325 1529 3808	hj2757e
242	45077490	72-29-98	FR37 5370 7114 67WL GE5Y RXIN F49	yh9617y
243	23924390	21-17-24	AD81 4739 1098 RSUT HW8M HEP2	rt2928q
244	61243315	72-20-62	NO27 8948 4445 374	te6106l
245	\N	\N	KZ79 865A BL9R YAOC N6XE	bz3504i
246	75744574	07-94-07	DO58 A8TM 6617 8993 1325 8943 9081	gj3287i
247	35633738	20-57-15	LU75 758F R28V RT8B ERCO	fh8031q
248	09429062	54-17-71	IE29 HZTS 2116 9677 4442 31	ws7958h
249	17471589	59-70-40	HU52 4933 7792 6147 7172 6799 0887	jy4190q
250	90414003	24-57-08	MK96 008E WTVS RIT1 D62	qi7754x
251	10169801	92-73-13	GE57 QS34 1376 5974 3278 41	ql9671l
252	99430916	31-51-87	CR48 9408 6045 4246 7972 5	es4839o
253	85349964	31-42-05	FR72 2376 9430 856R SWIE 1ZAS V29	ck8872w
254	77765708	66-29-21	MR17 9951 5595 4772 2211 2071 468	hs7162o
255	76072430	00-55-16	FR66 6929 0126 11ZM PKC0 LN3O T36	zn4408w
256	28858921	37-72-31	FR82 8570 6808 83YR ZPEV 2OTC L24	fx9372k
257	35817690	56-40-01	AD25 1859 9489 8TF3 BJ1P QKK9	fq0703z
258	87360091	11-33-34	TN02 2103 6147 3659 0738 7945	xy3169n
259	83592560	32-20-84	\N	\N
260	52340766	43-85-20	DK40 3415 2844 1598 74	dw0897m
261	29638351	74-89-67	AT69 6145 9297 7370 9479	ih6978a
262	63129480	15-35-88	FR38 8114 6642 80G4 MTVN HPUF Z92	zi5778k
263	58703366	71-02-14	FR41 9882 3883 06HS JRM7 BX38 Y39	bd7640n
264	39265532	18-02-99	PL21 5680 0129 5760 9101 2955 7440	xq1696f
265	38924023	31-73-06	FR61 1633 9478 16XG 8CD5 GWN0 L31	fn3820p
266	08761469	83-72-35	FR09 7086 7712 93EF BZ2U 7XVP Z34	pm3611a
267	\N	\N	SA94 62UO CHIK AADN URCG K5S9	lm7180g
268	64300963	62-99-30	FI12 8226 7308 9117 32	rh1625c
269	93782979	83-73-24	DE45 6661 6017 1268 4809 60	zr2225v
270	79841751	17-76-56	RO94 CXKG AGB9 M8IA RN08 AA4L	wa0214y
271	56829283	90-92-22	PL88 7953 6864 3729 3453 7322 8527	xw7387k
272	31988845	97-91-24	BE05 1840 3971 6417	vw0441l
273	32033808	56-28-24	PK16 CCRA Y27P UVBC 3OJK RWA9	es7009x
274	93397583	21-54-59	FR22 4403 0395 081S XR0I 1F2G O43	qg5514f
275	10509474	85-89-88	LU34 9923 H15H RLAH PNZK	va7475i
276	86501851	82-58-37	RS80 6864 8421 4608 2420 81	wk4488h
277	87585411	16-60-06	HR50 6700 4891 0129 0051 8	an9763z
278	28931976	95-91-32	CH18 2984 9W9G Z9NU 1GTW P	ia1983s
279	19950976	79-46-91	BH64 DLLN WSKL L0MI 5TFX Y6	xn3823s
280	93177180	82-59-81	\N	\N
281	93064765	61-38-86	FR66 0677 8900 96QC DBE5 COCM P20	gl5498m
282	09809548	90-76-01	NL54 VJEF 7776 2239 36	vb9928l
283	20847623	12-41-46	FO72 9370 7440 0413 40	xz7826a
284	97865377	94-06-68	FR68 0514 2611 21ER F0JS GGGQ W09	ad1548s
285	31605089	88-45-94	FR95 6855 9411 64TC NITO DA7S G97	wx0878x
286	13723790	55-00-60	AZ21 WRBZ WTM3 QCAK U98F 0PN2 X1LB	eq7885h
287	45569790	06-87-84	AT57 8372 1317 7976 1891	ng1643g
288	86208249	83-12-92	\N	\N
289	49352736	78-16-66	LV68 QJIH OHJ1 Y8PU APK8 6	gt5908d
290	74954847	65-36-02	PT93 7680 9671 5211 4373 4431 9	qh8908u
291	42226189	19-05-08	HR77 4629 3777 3831 6142 2	oa4433q
292	64758724	35-60-92	VG80 VIWX 5150 6260 3225 3917	ly5410j
293	31034842	70-38-09	\N	\N
294	73477691	70-98-75	CY51 2815 7686 NQWT WAQP GXFA NJLD	zm0737r
295	08904271	04-47-02	SA48 47UV R6Q8 DRLH MGBD JDRF	zn8456i
296	06988165	99-55-89	SM15 E327 1229 599D UGUV WWW8 FAR	mc2916d
297	22161676	23-02-69	AL69 5680 0915 TOUQ BZJ3 XXHW EIVV	dy7152r
298	46356764	75-15-24	TR46 3382 1NDR BR1X SDZB EZHW M4	ey8115o
299	92138245	05-79-14	KW94 KLAC JV0P YDUE QBFT DYT6 6F7I WH	xs5590l
300	72913708	41-26-67	HR79 5217 4038 4816 6610 7	cz6798p
301	19813566	76-63-02	EE94 8916 9902 7564 9719	dt8870u
302	96426150	91-21-78	LI86 6146 1NDM VEZC RAN7 I	ud7841q
303	92340751	56-03-21	TN30 6252 5946 2659 8608 3417	zs2304h
304	36948408	74-87-00	GB87 VNYD 9732 0512 5275 10	pr8588e
305	61259755	84-94-17	\N	\N
306	74775965	19-82-27	PT63 9135 6095 0606 7492 9813 1	kj7979y
307	59163302	07-52-76	FR55 1961 7696 81AW S0OK KWLD C13	kk0262p
308	13993009	98-64-59	LB67 8982 IUTS C04U Z9RO MCJX UUGH	tl8842k
309	31818740	48-80-92	PS16 UJIG 6I8R ZWHO DGD1 I6MO TNKI C	zw8167u
310	13471220	22-19-68	FR55 6344 1108 08MT TKHQ ABB6 I63	dt5609n
311	98650844	37-44-06	ES96 9922 6121 8830 7751 8311	xn5584l
312	50951355	72-29-85	BG07 SQDX 2359 03EQ ML9Z VV	eb3606u
313	00718109	00-92-38	AE91 4555 2823 8921 5258 127	es3453w
314	63809038	06-51-57	BA56 9876 9444 7485 3436	if9531u
315	98875417	08-30-01	ES64 8972 2353 3031 4843 8573	lp1618s
316	51207175	23-87-43	NO34 5162 3733 399	an1144q
317	19663634	59-40-76	BG14 RNCR 7477 92RB 9AOH XW	bz4084d
318	48938144	15-42-96	BA67 4207 5350 8637 1102	wd1787y
319	62727291	42-09-01	EE77 8534 3613 4844 6040	pn6611q
320	71185958	90-37-42	MU25 YYSB 6635 5066 9495 4813 791Y OC	oc1462l
321	46353250	76-80-23	FR45 0061 0212 56RW J3QR VDU4 V07	dp5852j
322	\N	\N	ME57 3159 7427 5195 3921 91	pn1715t
323	45334455	90-07-38	GR07 6623 878C BCNN 5DYP OWMH YQX	ai5305c
324	66691441	06-76-98	CR35 6225 4959 0106 5698 1	jo7043t
325	59477277	69-05-93	GI95 HRCA 2LMF BKZE YOI9 K7Q	lu8939n
326	31037737	98-61-50	ME05 4273 8021 1135 6034 58	ae7209h
327	01871017	15-56-11	GT44 FCPC ABQK V1SY D0GN Y3FB DUCA	rx5632m
328	39363888	30-37-67	\N	\N
329	06933719	42-77-70	PS04 BOXR QUBQ BEWZ 4YYQ UD2P JFJN 4	bn4362w
330	66073207	60-45-58	AZ73 DKPF LVFD JDSD OLR2 LUMP 8JJ6	fc8044h
331	41817120	18-12-30	FR29 1767 8194 31P3 JF9F F7BH N64	zr0075a
332	63273662	29-54-99	TR62 2817 3EWV MLIZ G9CL HXYV I9	nd3904c
333	93172218	72-02-32	MT56 AFVJ 8293 6KFP HX4L ATNS DNBV Z7Z	ej1772i
334	29951072	35-35-20	MT35 FEEB 6194 3SH3 Y7KG DSJU OUFN 0FK	jy4870p
335	94698430	82-44-84	IS66 7063 5096 7021 2140 3922 71	wh3486h
336	33327365	83-92-67	MU94 PYTD 2166 4412 6746 9773 684Y AH	ni8622v
337	68475183	99-33-60	KZ39 637A M1RQ PC3F MVUD	pd9276o
338	82206511	96-25-00	TN71 1200 5158 7108 9656 6260	bi8341f
339	01305973	49-78-07	GI68 GACQ IJNG UJGU FCOW LCE	pn7623t
340	36467570	35-07-10	AD13 5157 2719 64R0 GQYQ ZDFU	gk7190n
341	22243406	82-42-63	SE35 0210 0659 6403 0401 7874	du2509c
342	18836728	87-91-15	LV60 NUOU Y5NY BSZV KUHL F	my6777d
343	61162924	61-88-46	FR86 3694 6710 586P KQXV 1Y6E 160	qf0613s
344	50895572	60-86-56	KW16 BAHZ L0PB 6IHL PGH4 2EM9 ZBEZ WL	mx0779w
345	45645006	24-42-03	DE41 6695 2806 7137 6387 38	wv9776a
346	33096759	15-42-39	FR43 7421 8192 62G0 IFL5 2V33 F23	zc1672n
347	10300567	01-95-35	AZ74 UHKJ MWXR 9EZT 80WO 699F B37L	tq5320k
348	81961683	14-86-92	FR51 9605 4884 85WW G213 VE5V N89	sv6216t
349	55112792	45-28-29	FI27 3927 3402 3695 13	uj9857g
350	81513514	04-88-47	AT67 4182 5917 6417 9103	ld7232n
351	33179177	75-30-18	LV29 WGKB AI6Y H1CZ AW23 V	pq8269o
352	09001997	72-35-53	AL51 3692 2052 XMMA QNX3 YZU3 Y5C7	nm4613j
353	77280385	81-56-74	\N	\N
354	84470366	36-16-57	MR15 9103 8118 3107 8869 3860 126	vi7554o
355	99532137	55-09-62	FR12 8958 8791 08QO HJFV YUAH D71	jj5556x
356	30324277	24-50-93	MK86 3778 L8VK CD0V B36	jm7978p
357	26366616	15-83-62	FR15 8762 1346 41KD 8QIG 6VPD S60	et4992a
358	\N	\N	MT86 UWKN 5636 51HL UYJF WR6U LYQW 3VV	hy8304d
359	26067984	74-23-91	MK36 115J DO1Y MVKE D26	nz4577z
360	31294626	49-64-98	ME84 5595 1834 6842 7841 55	xd0349a
361	35344259	39-94-94	MD23 XKPY TYVC WG6X VYXZ XHQP	at9119t
362	32922928	82-63-10	AD22 5745 4787 IOR8 WMPM B95G	tz7863f
363	28832555	47-04-30	IL70 4623 1146 1395 2201 385	ph6771o
364	48416279	28-10-57	KW38 CAVV PXWL SZPI KGJI PQ4W YQVT AE	xz2041f
365	33065362	93-00-44	MU91 ORWI 9946 1556 7495 0036 160O KU	zg5931o
366	92020800	52-06-47	FR71 3461 4843 079J BHLQ BUUN R82	oj7190t
367	99173814	44-00-90	MC64 4072 5443 20FJ LRFF CGZC A44	ud0818n
368	44537876	01-33-03	AD70 9793 3796 EMUH EYUE ASRO	pd0462b
369	07067536	01-13-44	PT19 6910 4812 2134 6819 1908 2	ny7709c
370	00513165	39-58-62	\N	\N
371	83954785	08-11-10	AE42 8757 0694 9312 2472 685	wj6735f
372	60315962	56-58-29	MC43 5616 6157 53XB ZDIU SIP1 N12	nf5655w
373	03029760	54-16-03	LB41 6286 OPEZ GVTB RTLC L7MV GOTG	uh5584g
374	77073541	23-69-28	PK93 DZJK PIEE 8VT1 1Q88 N68Z	lu9622l
375	14858131	67-60-02	FR77 9489 1362 702A O8PS YMGM X49	yu4519i
376	59641116	40-60-59	AL98 0889 6558 DVT2 YYAD EEVS B9UW	vs9332d
377	42027942	92-91-04	MD09 3CAG ACYE RI5K WWPS V1OV	ym0855y
378	52200508	80-04-94	DE26 0721 5365 9912 1678 82	un4829r
379	13181896	78-94-42	\N	\N
380	01148376	08-68-10	GT06 JCYM R5SZ KMTF FRGI SOQH 36GJ	rz8913o
381	14527031	65-72-33	FI15 0743 6046 7115 04	pz5065f
382	52269232	58-78-40	GI91 JJEG UUYC 5GO4 QG1C XWN	zf4411i
383	88918142	02-60-80	SE57 5916 2387 2479 3042 9209	ag7288x
384	88463344	04-41-84	FR28 5237 4191 19WS XJMA Q9M3 Q59	oz5169e
385	19607279	73-49-14	FR81 5444 8158 16DH K3MB UEJM I46	ym6684z
386	04524880	17-20-20	SI19 7335 7078 3560 398	sv8333f
387	12065664	44-72-64	PK67 GOSX WSJC H0SC KXWJ OK9D	po0635c
388	00683793	06-28-84	LT63 0505 0920 1330 3232	xc8106k
389	83785201	05-39-09	IT05 D569 1569 069I HIZH MF5Y DJN	xs0845a
390	69765247	67-57-37	PL53 4820 1010 4047 1792 0074 5777	rb9940r
391	92364710	32-14-22	NL64 ICGH 2091 5598 14	jz2708g
392	01054239	78-19-78	SK31 6851 0579 9368 3334 4170	ui0494z
393	47807606	56-66-50	MK16 6572 4U5R 0AMD H41	hq0283r
394	56703284	46-54-39	FR28 4326 3182 22RD DHA5 SYIU V16	jc8728y
395	34491957	73-36-36	BA66 5800 0790 0705 9332	fg4602w
396	49108796	21-23-54	AE39 8138 4263 4276 5920 791	ph2433a
397	20317921	21-90-80	AL12 7166 2522 ZO0A GFTU 9QAP SAKT	in5288w
398	54929163	74-23-89	EE24 0708 6351 4525 6727	mh4462a
399	61327349	62-91-12	CH42 1198 7OIU WITG LBPO Y	rb4969t
400	19532080	46-05-15	ES62 2207 7832 8040 8244 3513	tj4219f
401	19097187	91-19-50	AT56 9472 8862 1489 9224	id7574s
402	26351825	09-05-21	FR86 7904 5937 50JG ASTS AWCM V49	of5019l
403	64557519	37-88-00	SK44 4379 8441 7294 2735 5385	wi7242c
404	36808265	69-04-06	LT64 4768 3187 8598 8371	es6421f
405	72504188	73-90-29	RS65 0839 7292 3906 5246 92	jc4284k
406	36031456	70-85-25	DK51 7043 8035 9635 52	be9680d
407	88871255	01-64-15	FR94 7132 5664 85X6 HAEX VN9E M05	yt0970m
408	34768850	10-14-80	FR30 2309 9860 950S ZE5H WJJT I37	bq3600c
409	20961179	88-99-34	FR44 1333 8466 42QQ E9KQ CDFW V78	gs2106l
410	38593938	14-65-62	GB84 JVCW 2794 9840 8182 42	bb1840k
411	03751186	27-11-38	MU03 GXXG 4632 7553 2099 0217 311T WM	cp8866w
412	25416017	93-38-38	SM14 T534 4734 642O Z1TX DHLP G76	kb1438a
413	58356924	96-51-55	PT93 5337 4476 9660 1801 3240 5	gq4005y
414	21218878	63-85-39	FR58 9033 7121 54RO 12TH QSNB Y37	rt2902d
415	78371130	98-35-89	BG16 SBOZ 6217 67OB SUZS H5	xs9190b
416	19180274	43-30-76	NO90 9622 9384 248	aj8093j
417	82229306	42-78-11	AE22 4273 1085 8241 9551 638	iy7728r
418	85333264	62-63-76	GI98 CCBH AKNW NBNV DZV4 BVJ	dt5810z
419	90875913	42-13-56	FO68 0290 0755 7646 03	cw5588t
420	54593382	19-05-80	FR31 8704 4495 4417 OBMS HLVS P00	gb9751v
421	28801847	24-37-43	KZ71 807E NW37 RUUG XEQK	eg8304h
422	07177105	93-64-61	\N	\N
423	53897079	43-74-38	SI66 2083 4051 0190 877	jr0652m
424	97854195	61-77-72	LB48 8294 8LKL DFR7 W4ES KFZN TPVP	cx8707v
425	62123484	30-91-17	KZ70 843O Q2ID EKKU TYVB	uq7938q
426	21438675	22-46-20	PS42 YQAZ XWZI WKSV JMR9 CLGO QSZN F	ut5116f
427	63825387	44-16-64	PT12 0762 3110 2244 2327 6692 9	ac6091q
428	14497542	01-94-94	BG91 MJYM 1309 575L GIUU DF	tn6256h
429	49187710	04-92-41	LT88 2057 5991 8656 5374	he3606s
430	19512220	52-59-60	FR89 6288 8584 45BK ISV3 XZNX 492	ug5808a
431	52118045	87-50-06	BA30 4901 4246 0381 7897	ht5011m
432	01287190	75-30-73	SM33 W203 5027 911L LHNE XFGG TCD	hc5475h
433	93457081	81-35-08	MD62 751U TU2H KJ3X WUPH QTNZ	ff5714n
434	98136015	31-82-96	KZ30 3215 1AM6 6DQC CYKY	xd5708i
435	06212624	17-08-16	FR78 3467 7451 6498 WZQS UOUT 847	kp1154u
436	94371584	68-90-21	IT54 B707 8965 961K 2QBS FM2Z HA7	ze8903a
437	00401132	36-69-41	KW14 MTIY FHN6 PLKE 4AMB 0WTX XM74 NY	jk0910n
438	24484210	72-13-20	PS11 TEDC TSVM RRBE 7RG3 UNN7 6DM2 M	qn5303n
439	90045870	66-07-52	NO08 9797 5772 269	dl3031h
440	33385337	38-15-75	IE24 IJDD 1328 4561 7213 97	ai4012e
441	81315059	94-19-80	DK31 5282 7556 0971 11	it2387n
442	74185459	98-45-12	SI48 9899 9023 4229 168	in7043y
443	80887235	55-56-50	AZ56 JYMV TOW7 ONNM NMTY SZW1 N1KL	wr2485i
444	81199599	84-98-97	GE98 VC20 1224 9815 8765 04	mk1269e
445	49510114	55-14-32	FO57 8706 1752 5264 82	cf6595b
446	98964684	31-97-31	IS64 1706 8895 9863 4119 8428 66	wt6754x
447	25091248	97-97-79	FR93 2236 5888 55MH CXBV IHWU Y60	xv7054u
448	45712104	85-44-96	TR39 8038 4GWU MX1G SBDU VXA8 TV	rq6606a
449	71494956	11-76-95	FR94 4997 3219 02OU NVSU QWZQ M40	vc2984k
450	33790132	15-20-26	FR46 0133 9888 58BG LDOA FLEI S80	xu4930x
451	\N	\N	AE09 3494 4523 3614 3860 732	yq7835h
452	43325475	48-77-34	BH02 TGNP MNUF 0BFH KX3D UQ	xl2089n
453	51597813	13-09-64	FO17 6006 5703 3907 38	av6819c
454	97001575	91-20-49	FO33 6197 1958 4430 18	oy3543v
455	95328060	24-67-96	FR97 9783 6034 17GH KN8S 5OK0 H15	pd3120a
456	26655213	44-59-59	AZ65 YIIN 3JAF YANP GHJL YVWO FVA2	yw8699s
457	52247291	85-00-48	NL02 CQMV 0616 1112 95	wc5249t
458	02967637	78-00-72	GL59 6896 4966 7819 16	zk4057s
459	33743855	29-35-23	BG22 QQQV 6102 698U 1TWH ZZ	cg5806z
460	87455830	50-88-83	GI18 SPBC IEDX EO8J AFOI TEU	ni4128y
461	\N	\N	SM33 E940 3253 879L GP0M RWAP QHM	ov9273j
462	96122470	56-69-14	PS66 QQSU 7ZPD KXZM MVBV CAGF UHW8 Z	hy4770w
463	76296246	83-33-79	CH97 2862 55WI GGXO LGPH 2	ev0431m
464	92328727	55-46-25	IE41 UPLL 4101 7066 2136 76	ef2783u
465	70269949	40-03-77	GT55 0ZRK HZE4 9RRO 5RPT XZBR CFTR	ud3102z
466	87729064	45-30-68	PT12 7362 8828 4541 4029 6740 4	tu3777g
467	65646706	73-29-60	SA91 33GU AKEU LUMY B3CQ JOYO	dj4103p
468	67965584	95-99-48	GI91 JSNV 4WN1 NPYL BRQB T3D	er1176u
469	24825123	00-07-37	RS74 7498 0395 4590 9216 71	lr0215i
470	40401075	80-95-45	AL82 5971 3578 BEY9 EIM9 5NHZ SAC5	to0297r
471	07306573	63-53-68	MU47 HJCM 1292 5801 6346 4765 071K AA	ii3854t
472	22980456	95-74-89	RO47 ZBWU BBH7 LKWM M9JH YEDL	dg6396c
473	11948931	12-81-58	RO43 JUPE XJYN R46B XMKP Y9YC	fd3014d
474	34432328	97-75-68	MK76 922S BFZE 2CGZ 439	bd0059t
475	63162304	97-13-96	PS83 NOFM KEBN 4FFU GB77 RIVB RPGC 1	ga1631h
476	74834833	93-06-93	GR37 4214 337Z EJ3Q 4LMF P1IK LZK	ch1646q
477	13517133	95-73-32	\N	\N
478	39942049	96-28-45	HU95 3333 0178 9230 1198 4236 6809	pt4741g
479	62420250	32-83-06	GB58 GVBZ 4728 9617 5578 15	ev2931h
480	19130981	57-41-57	DE57 1845 9394 5374 7310 63	ou1247v
481	83142093	09-19-03	FO88 4307 7741 6668 78	ux2165d
482	20511424	37-68-37	PL66 5554 9645 9057 6206 7156 0290	gh3883w
483	22724107	76-06-30	AD69 0851 2173 AA6Z PNNT 577L	eu8443v
484	\N	\N	KZ48 827K KI95 RMCM 10L2	nd6142d
485	28087092	07-40-48	SI90 3653 7201 0303 647	jd4237j
486	13148185	76-80-49	DE45 2876 4446 7318 2826 60	wt7527s
487	39354213	16-42-60	SE39 5835 2592 1381 4251 3695	su6975t
488	26644135	79-39-15	LU38 972X 7W3Y KXSF DWWY	ui9352v
489	25128832	67-64-74	IS20 0930 6904 0460 1136 5442 34	zr2494x
490	70893619	60-18-29	DK42 8587 4854 6718 87	ef4109p
491	66379519	25-95-45	BH51 LWMB BHXF IXRQ 30WG Z4	rv6802o
492	39517340	18-92-42	\N	\N
493	90009285	76-71-84	GB89 PMLT 2980 4096 1105 87	bi5789q
494	91543873	78-87-96	AE38 8050 0731 5784 0740 171	uc4250w
495	21292845	05-15-55	SA60 86ME P1JE YWTK OK1W ZUM4	us3646y
496	\N	\N	PL08 0346 5477 7937 5447 2689 6581	xo9625v
497	43200898	81-09-05	FI27 3659 3334 5771 23	re2109n
498	50897702	38-80-40	FR83 6121 5327 50JY 9XWY EWP8 735	dl3904v
499	23190181	16-14-80	GT15 TRXY GCEW 7NAL IDWF EARL KEWQ	ma3096m
500	79901673	45-11-53	FR65 6075 2001 59YS AYYQ TPZ1 L43	gk8030i
501	34704845	00-74-54	IL90 2768 3461 5748 1899 999	cx0270w
502	87473808	18-42-28	TR11 0161 0JXC URKL 3GK8 8IMH EI	vm8229g
503	56678820	92-44-57	FR65 1043 8133 97XJ EGDC PKV1 G12	kh1730f
504	85767606	48-39-02	VG48 UAQK 5295 0632 9793 2807	nh9454d
505	\N	\N	BG52 HIIK 1779 81U9 CRZU 79	sa9051q
506	46652053	62-31-94	BR23 4778 7956 5048 1851 9325 070J J	ug1289w
507	12439098	14-01-09	BE74 0292 7631 1690	ja4172b
508	97250025	50-02-70	BG17 ZGXC 3030 35LU YPO2 HT	zi7800i
509	17609351	47-58-96	FR37 3882 0994 404Z 9FFQ ZUCO A16	kf7801i
510	88629200	76-32-46	MC58 6702 3181 52BS ULDO KAAC U67	ug8003v
511	57732568	36-58-93	\N	\N
512	36554849	51-28-68	FR27 5555 7372 07EM AX1I JLL2 M65	hv2597q
513	56938511	65-62-73	AL80 7291 0121 MAYF ZBMU 3GQH OAIA	so2136h
514	87873943	31-38-22	ES32 7242 5867 3546 3883 3955	oc9122n
515	04375504	52-68-82	BR82 5732 5744 2459 0214 8970 992I O	iw7837u
516	21842161	82-05-60	DO25 0A5K 8650 7834 7291 0287 2654	jl3447t
517	75810857	07-75-96	FI57 2386 9716 2459 71	ue0516d
518	43347441	08-68-74	LU27 539U OSRL MZOL EWLP	og9578z
519	33298040	12-26-40	CH80 7395 5VXI UFYX 46ER Z	en4667z
520	61600510	76-45-01	GE12 KA43 6545 9117 9373 35	mz2015o
521	33846611	96-25-99	BG59 WVCT 5890 08GG WBWG DE	sd7563x
522	66573171	77-42-24	AD72 4501 1328 ALRY 52PN QFA9	ew5955o
523	38163202	23-93-02	\N	\N
524	57512224	00-26-92	NL59 KLQD 6518 7539 44	xs8416y
525	49013871	80-40-41	LI20 9253 1TXF WTPJ AF2V X	cx5858o
526	73146531	94-12-65	DE49 3814 8518 5134 4270 61	pq1948q
527	19279255	05-51-66	NL03 DGVH 7913 0565 82	ev1304t
528	94106854	62-26-04	SE60 5760 7578 3186 6858 6196	ag5264b
529	33628284	44-16-80	DO69 2LK1 9577 7183 7037 9592 1674	zi1815f
530	32206454	23-83-67	PS89 QPQZ OZ2U FGQD D9SG 7WDX FLVL D	oe6165q
531	33007227	05-86-29	FR91 1756 0730 66PH R0SP BRDD B73	pc8973b
532	83924088	19-21-87	HU71 2201 1987 2795 9260 4286 3830	fe6566o
533	16958259	48-52-23	IT70 E589 8437 789H SOFC YQCV 7YF	sb2909t
534	17306100	59-04-85	EE90 5566 9070 8987 1113	cp4708h
535	20048667	95-27-54	KZ39 343E JIAG BOWR ZFT2	qt5145x
536	90524990	98-41-58	FR33 2676 0839 337D UZHZ 1OLD A80	kd3595j
537	56963461	04-03-83	FR28 3238 2656 79IV H77L DG5P 921	pb6379y
538	07077802	09-48-42	GL44 2414 5289 1301 71	kq9892p
539	48385033	51-43-99	ES78 2306 2081 1312 7689 7287	pp3113b
540	32946049	79-29-08	DK13 0148 7992 4826 32	la2745n
541	86159855	95-90-12	AD98 9856 8938 AXRC SKBL FCHT	li5646z
542	83803938	51-31-65	BH05 DOQJ XFTC YDNS A06F R7	ok4134h
543	58207332	99-74-74	PK23 KRTH TG4X KKHP H3NG ZS1K	yv6574z
544	81856322	29-39-96	SA24 01KX YP4V 4GZU 3DO0 NVH6	oc0895t
545	29322801	71-32-61	FR89 0370 7644 46EF 7FUR ZE2G W37	qk3386g
546	22606193	70-92-35	SM83 Q150 6746 858X 7FXX 25AT EKM	vi2371i
547	56448556	34-62-86	IE17 UXAR 3502 3497 4700 36	ux2177x
548	35384633	80-23-89	FR69 4258 8253 82B9 LMQU 1GYJ 585	an3997m
549	01853747	46-30-62	NO03 8132 7631 804	yk3453q
550	57433874	44-65-12	DK29 8629 9044 2282 97	va4089j
551	00790337	45-04-11	MR25 3958 7247 3661 3283 3208 385	vn6683d
552	62207529	43-14-96	GT43 THHF 4W14 S2VK XDFS YEFA C362	gp4619u
553	30067591	38-78-35	SA17 698R C68O 8NN9 SSPO XIYP	rz6445j
554	99151417	07-93-18	GR97 3795 375C TON8 QVW4 IIHV L4Q	av5748v
555	51387183	66-93-23	MR39 6357 1913 1008 3082 0448 709	jk8767l
556	15416724	43-03-70	BA98 3244 7693 9037 3915	om4229u
557	61296249	09-35-68	ME21 1057 0906 6995 5599 31	ru9591m
558	80354346	29-14-62	PS74 DAHK UUFU 2PWN JDOS SNTE MOHX S	sh8932d
559	63156414	84-43-70	PL09 3353 0498 8158 8009 5583 7593	ec8242m
560	11033632	02-45-69	GI55 NSHA 11MQ LS91 EWMJ 0SF	cc6943t
561	36265440	49-43-08	CR33 7981 8064 6659 6303 1	pz1069u
562	14199068	31-06-15	IS80 8135 1609 3790 3353 8884 84	ya2385u
563	11788058	49-85-62	AL10 6117 0778 C6JP B0SX SF8Z XEYG	nd4141r
564	58840191	80-00-07	FR09 9518 7139 940A 539Z D9FL R10	hg5753i
565	\N	\N	AE28 0188 3667 6215 7717 395	mh9062q
566	52224750	79-22-46	\N	\N
567	09336632	71-30-71	SM46 M082 3227 946U XXZW ZRZZ AA2	rs7072w
568	83458065	49-16-83	VG17 IXDM 8273 5543 6061 9157	to5805q
569	11554538	29-95-87	FO17 4050 3743 3182 45	dh5530t
570	36924687	60-86-37	FR67 8008 2033 76NR HE4T DKPQ D81	hy8531q
571	06505235	30-16-00	SE77 9641 1560 0976 7349 3012	hb8010e
572	10164569	89-74-99	FO21 0675 2400 7449 46	jo2303t
573	40422315	53-26-05	SK50 9424 3436 0701 5004 2098	ux9829e
574	06187657	83-99-18	FR66 0136 8919 92Z1 ZMAD 5ATS Z33	np2129u
575	84333474	21-94-11	IS98 2456 3263 8375 8143 2151 22	az6374v
576	37435409	34-97-00	\N	\N
577	76294988	90-29-49	DE07 3944 7290 1081 8237 18	lz5754z
578	72443748	70-28-92	FR95 8824 3207 09PT RWSV 3UTW M76	jp5416f
579	56645939	28-02-78	IT37 W884 6429 273D WG5P OLTU N7Z	dm9062h
580	30436009	97-51-73	HR05 7679 3609 6989 4604 7	cq1176d
581	86545422	97-12-32	LV96 CSMQ QMFB MOSH KCBR U	ud2270w
582	51013341	78-29-27	\N	\N
583	56477077	56-09-60	MK82 962T 8VQ8 SMFI T57	jo0244p
584	99260233	98-84-88	DK92 7021 0234 7189 10	tt5259t
585	36332287	02-69-27	FR08 4588 5987 98KH AEWK HYNL J27	nl1341f
586	33032166	25-06-93	AT29 7353 7768 4458 6348	hk9223u
587	91578076	53-08-85	FR32 1908 1228 28MX 9NW7 TVFG Z27	cb1019m
588	24993667	87-44-62	FR18 6227 2401 01JA IR5B VWAS B74	ry4181t
589	61103751	80-94-13	NL91 BQIL 8488 3551 59	dc7771u
590	19567091	29-73-47	FI49 8120 1579 6164 01	py3094m
591	57342447	75-37-30	PL25 0725 9658 8190 1053 2748 1591	yv8125p
592	26468618	43-18-88	SM81 D484 3188 396U RKDL QPJA BKN	iy5919g
593	87126066	88-79-07	EE06 8608 6111 3819 5572	bq8803q
594	30109023	85-29-24	GB88 ZEDZ 8731 7801 1724 15	nm9477k
595	47014194	92-69-07	AZ25 RHEJ XOCN W1DK JU3Z LTBB 42CG	vs0869o
596	43119755	26-96-95	BA97 5508 3869 6368 3726	lh2518p
597	50116053	12-41-89	FR83 5254 9929 86HZ 3RA3 UCID P26	fj6577d
598	58745774	27-72-26	HR80 8504 7061 5390 8262 9	ua3588w
599	58822409	08-04-22	RS31 4795 5572 7312 3808 01	cy6674a
600	33026368	84-04-36	FR62 2804 1288 11J9 AXSH FUIH S58	kh2104y
601	52712594	50-02-76	IE64 KALK 8542 5015 5863 57	re1269v
602	66905710	66-16-29	FR21 9444 2056 01DB KTUH DGY9 G60	mq3794l
603	49673058	88-80-12	DK12 1196 4550 9761 55	kv4660v
604	86020725	13-62-80	VG44 WFTG 2608 3893 4275 3796	uj4139t
605	94406145	77-89-92	LU26 727Q XMDS 35AD YQYQ	ps4405v
606	41174230	94-41-83	\N	\N
607	94751477	25-60-61	GR48 7039 209V 4FMO Z5YW NL7E EVA	xf3834l
608	15896044	71-56-94	FR65 5424 0857 56SJ 4ABY JHRD V00	se1827l
609	85656139	68-67-68	GT15 OZIP ZKOB X2IN AHNY VVUS 9G6U	lt0430k
610	82359084	47-06-99	FR17 1426 6007 30TI MNSL QAAA K54	rf2571x
611	51358462	30-02-38	KW48 MMMQ M5C6 Q1AP OU05 UNTH RKCH UE	kd7062m
612	85184263	54-97-02	\N	\N
613	17644700	54-47-70	CZ19 2746 9648 4919 0790 5126	ii0271e
614	62501020	78-64-24	SI09 7819 7515 8226 633	ah8386g
615	76269872	50-71-49	ES96 8587 7506 1610 1815 7847	lh2304l
616	61923029	92-09-61	FR97 1261 5868 67HW BCBW HKX1 Y12	es4804n
617	70150329	23-51-12	GL68 1923 5619 0566 18	bg8590b
618	97762906	16-55-79	LU07 478Y WLAK DYX9 OT2U	du8357e
619	75242942	34-77-02	PL19 0617 3024 7878 3809 1178 9523	wa4494d
620	92975646	21-89-23	CR63 4749 0249 9877 5621 5	bg0590a
621	06761040	79-14-56	FR52 1785 6878 77ZA ZDCG R8ZG I16	ev6037d
622	73559347	66-24-87	LU97 141D AQCI 8XTI R9OV	ep7807y
623	76950706	95-06-00	FR15 1289 6121 17AC YXHC 6NF8 L78	bp8627s
624	23261636	05-62-42	AT88 4066 0352 5322 6926	tb4132f
625	88507231	72-33-36	PL68 7694 5740 3413 6639 3739 8713	oh6251z
626	42432684	18-93-16	HR86 7174 2733 7118 4298 4	cw7586q
627	20104088	86-42-69	GT63 NTML L9YR 6QFE OKU4 WQ0R JILB	kj9314n
628	98775916	86-81-58	\N	\N
629	50231934	45-63-35	KW91 WPBW 1AHO LTW8 YVF0 GRK0 HTZ3 ER	lb3964a
630	91944201	62-93-55	SE88 9036 2834 1999 3649 4661	me3490q
631	19700260	77-34-36	AD61 8303 8222 Q3J8 ZGXX CEZY	pb8221j
632	59271995	60-05-98	HR09 4532 7673 7433 7858 6	hi3929p
633	68425635	37-63-39	RS13 6496 8456 7425 9213 44	ql4420j
634	59901808	01-81-48	\N	\N
635	73355114	30-83-92	FR06 9654 3155 49PO ODDX G4LO G38	ab6968t
636	84181443	70-82-72	SA41 82WZ IOU5 SLSO NMFM FKWQ	qf3030p
637	94173705	31-25-68	FI91 5257 7393 0662 30	ep2855i
638	26016334	59-63-56	FO70 7091 6663 3498 87	tz2546e
639	24458603	96-86-87	GT06 WLMM 5BWH MDAM 7WFK 8W4Y ESZS	ww7379a
640	61103804	23-82-11	\N	\N
641	03721862	09-54-79	AZ55 IYUH MJ2T NQEA DXEA HVM4 ROJS	qr1930r
642	16258088	88-93-83	FR22 2040 6347 230T TDBU DMVV S69	id2629z
643	94603964	72-75-22	PS93 YCPZ PLAF VJXA LV5D HOM3 2AVN O	ch9968m
644	53562022	63-75-54	FR49 3358 4182 96DR TXBE RNKJ S05	nb4610r
645	94624614	53-87-06	SK67 9978 5048 6145 8194 9743	ce5861v
646	09291261	52-07-19	FR17 2850 9205 29ML NCD8 Y9FA N28	bh1521g
647	98237077	22-35-66	BE55 8332 7171 5026	sr3977p
648	\N	\N	PK80 NGOR V1QW UGFM MPCF NZZQ	jf4102r
649	30254371	51-33-89	IE49 ZPNF 1789 7497 6747 85	in4354i
650	44487444	32-56-84	\N	\N
651	37984098	33-59-36	MR24 4848 5423 5218 7378 7465 102	an3368p
652	60050390	57-91-70	MC15 4742 0811 34P0 TSDP EQEO V67	sk3487l
653	86832224	32-67-27	GI25 YWPA V02M JCQA PVEX UVZ	op5938o
654	96665501	40-20-78	ES47 4241 2441 5942 1690 8422	uf8265a
655	99957239	52-90-19	LI71 8772 81GG WVPW QXZV T	ce5505s
656	30086783	68-34-54	IL15 8748 6224 7579 9592 940	qk9260k
657	01089420	60-64-63	LI61 3738 8BG5 WMRS TNIM Q	cw1352r
658	14820659	45-29-38	BH49 PDYW LJ4N L2NL BJVL 0O	oo5193d
659	90265923	53-51-71	MD92 KAYC FAVQ MKY7 2SAL MRZL	ah5146x
660	43201811	57-42-54	MU25 MRZN 1709 2914 2988 4574 571R MK	bf3244o
661	90863339	88-49-58	SM29 R564 9264 076H QKDD O6G4 UNW	rk6319n
662	91504029	64-73-24	GL85 0378 6826 3029 34	fv2665l
663	32278676	31-28-84	TR97 2127 1B99 GPWI CQLE QHQV EC	me2727h
664	70628715	87-79-34	GT28 KUOX WEYL 2XKU SDUC IZNS 0JZW	dy0729c
665	68858505	66-11-77	PL04 8905 8525 5583 8477 1721 3985	yf8815v
666	42915680	98-47-95	CY80 9437 5415 7VQW BC25 3IQB ZWMU	kk9939f
667	27961561	61-92-36	IE52 KXNR 8957 8866 7147 32	cr1299s
668	72501414	20-61-01	HR21 2773 9594 2753 2220 1	dq2656n
669	84706943	17-19-04	AT12 7788 4094 0327 8404	gc8977g
670	88621759	05-19-24	AT22 6722 9618 9115 5923	wj4309a
671	77635733	70-52-85	VG72 EQKG 7320 8485 1354 4962	vm0486y
672	74577475	39-32-79	IT41 M749 7961 2605 LAOL XA3C AEO	lp8393l
673	90829463	00-33-57	FR58 0613 4374 54PR COAX TDHZ F01	vx6286v
674	32449479	85-94-37	IS60 8843 1616 5099 8070 5577 19	nn6191w
675	04240660	40-68-69	SK86 7940 3105 5661 6611 6707	mv8309c
676	20974259	02-20-54	SI67 1281 2345 5764 576	mf0123u
677	82955392	46-34-93	PT21 3851 8998 9433 9939 6936 9	sz9035g
678	19310363	18-36-96	MT71 WKYY 1219 6LWP 4TH3 LH7G BYVT GCZ	sh4876p
679	53226020	25-15-75	HU60 2007 8449 9048 6528 5463 3796	mx5728a
680	61349044	17-42-01	ME86 8018 7466 1289 3052 05	ss1066o
681	99196488	36-70-01	AD93 4813 8696 PCFR ROJX 940Y	ze2406p
682	18732653	41-63-00	LU65 226H JZ3G 4IDQ DK5Z	ya7668j
683	35038780	96-62-96	\N	\N
684	69141967	62-57-54	NO12 0464 6930 227	uy2779t
685	53844392	12-73-64	MK94 312B 30LJ XMY0 S50	iv9338c
686	54948378	42-27-57	LV67 VCVL KGD4 QVFH VPNQ 5	fb7934h
687	55225448	13-25-99	GB41 IXTU 7235 4573 9195 88	sb4690l
688	36915399	68-79-56	IE24 QFHT 7969 7238 6656 68	ml5108p
689	99852918	25-15-58	FR17 8761 7783 27ZZ ZICY VFCX U95	il6369l
690	\N	\N	LB82 2964 NGXP ISRS NWWA QITZ RWAN	zk7936p
691	39408950	72-70-95	DO93 BJWS 7554 0884 1832 8491 8409	pt0730o
692	82674269	36-66-60	DO60 UEPF 0637 4777 3987 1916 2443	bu0985i
693	98308643	30-33-66	MK19 135I 8GHG FBPY H14	cn2597t
694	20142466	90-78-07	MK11 194M 3DGZ Z71H 209	qm1931k
695	26700231	40-22-88	LB31 4298 YAB9 KOHR JMPR YD0P 5VBN	aj8199x
696	64530451	42-03-92	ME13 9317 1777 1104 5637 20	vj1577s
697	68381274	30-15-24	SM18 O198 4687 137N IZ5O 27EW OLF	si9522i
698	96009869	09-45-57	FR38 1500 9036 803P R80T KDVX S86	bh0240u
699	89276746	99-01-00	AT37 2917 2009 0803 8996	zp7141h
700	50805811	64-90-32	CZ29 5874 1414 3759 6206 2049	az8963b
701	33731198	22-34-10	GT95 D4Q0 0RLM XR5J N7AR GYEH RNE0	ej6553j
702	40025472	47-27-90	GR53 8289 674W E4YI SN5E RWU6 OOV	ic8655o
703	44511268	96-61-09	RS55 1395 8281 3608 6929 30	je1521k
704	02353879	59-35-20	TR14 2693 6FOR THNP ZBUY MDQZ 7G	xv5604z
705	20574168	43-94-37	FR66 0009 1338 65J0 9SBC FO2M W63	gd8673w
706	07839965	14-39-83	CZ03 4776 0349 6490 8264 1383	cw5298e
707	81420004	69-76-02	FO95 2210 8040 3360 87	dt9763p
708	30731690	17-69-33	BR59 6341 8408 7373 0689 5912 213C S	gr8147b
709	74750640	21-06-38	CZ54 4256 7005 6292 9774 9552	ls4226k
710	68374924	61-62-45	MK93 856F MWG4 UWXL 328	ks4116f
711	47839925	44-80-75	KZ86 936O DEIX 3JWA SYKK	kp0120m
712	92097741	38-88-47	CY21 8672 6817 K6GN QC0L BQHL 2AHR	ha3135q
713	16970289	60-64-69	FI37 3730 6047 6358 19	yb0685d
714	54338827	34-27-54	CR70 7209 0196 0460 3742 5	fr1782i
715	38963122	68-46-22	\N	\N
716	00640039	25-10-36	BH24 FERF A3UP NDQN EKEB HK	hx7308j
717	38952881	32-78-62	ES13 3882 7975 9748 2570 1859	ss9761w
718	75192397	00-37-19	IL82 4162 6267 0465 7445 334	cu7269p
719	\N	\N	VG56 ZFRW 3867 2699 3958 4194	mm8363u
720	29655062	25-12-44	MR72 8768 1749 9408 3493 6255 653	ac2974d
721	31709990	09-18-73	FR30 3227 8054 08NS S0BZ ITAO T20	ed3687q
722	23074098	32-24-30	CY92 3942 8838 ZV7I 1ZBY XQYE FLHI	dy4151l
723	08370894	79-02-05	ME26 0533 1153 0963 5738 62	ug1322g
724	20618929	84-67-20	IS51 2787 2652 8300 2961 3870 22	vl3345l
725	\N	\N	SM54 Q332 7675 381N XL1K FJGH SWO	om7752s
726	72902225	82-43-50	LT71 5715 5818 2064 6119	vw4944q
727	60230872	47-44-35	CH77 6379 3ZGJ HGMS SH04 K	nj3379d
728	25712480	71-20-65	LT34 0968 4145 7646 6303	qp5606b
729	36471252	49-59-70	GE75 BN03 6465 8108 7361 94	sp8233j
730	35435778	88-67-44	FR62 5644 5484 54LZ XITD G6YZ Y77	yo3707a
731	10383344	07-25-29	\N	\N
732	61883993	93-16-06	FR26 1517 4780 90AS WXVZ ZM5Q W21	sk6791k
733	54627067	96-94-03	CH48 1971 04QH ARZH TBZW V	wq9875f
734	81253646	64-46-49	\N	\N
735	86338226	79-56-23	IE92 KBZI 3020 8373 8200 10	da6808a
736	63591348	85-26-66	MK78 107V N4OR OQI8 742	zb7775m
737	09791728	85-64-65	SE87 2624 9327 3854 2266 3979	nm5671i
738	51140128	18-14-81	NL12 DIWS 9837 0343 32	uo1398y
739	27185480	00-32-77	HR34 7894 0324 4378 4705 5	yn3361r
740	16181898	13-89-79	EE07 8564 8043 7785 1129	fz0359r
741	98819402	44-93-03	PK79 WNMG INOC KRSJ 3MUT XHB7	zk7638i
742	65812973	51-61-38	FR17 4090 2865 14CH QL6V ON96 Y20	tu9740l
743	94394717	29-11-46	SI91 5176 1327 9229 744	oz4832n
744	28647093	14-34-59	FO05 2862 6367 2434 54	du2762g
745	81924935	14-89-31	PS79 ZJGB BZP0 7TMX 5TB7 T1FV HGBN N	ei4130m
746	53260244	80-95-33	NO82 4751 6309 633	fy6526w
747	30953562	65-06-69	MR25 4983 0205 8874 4187 5866 405	tj7597a
748	97059690	67-83-08	BA77 4426 8330 2907 5317	ou8909y
749	10678005	50-30-41	LU04 257V DUDS OG0P I8G1	bp8448d
750	66776432	51-29-58	EE75 4472 0219 5911 5104	dg1994i
751	93518072	68-09-75	IS85 1432 3145 7536 3193 5371 71	pg9227y
752	48095937	08-15-36	PL78 2816 9300 4043 5258 3315 2074	fr0272x
753	56638904	34-81-65	DO47 JFRK 0816 7412 5152 6767 1889	la4609c
754	02500438	11-73-48	GI25 TJWB PG14 NJAF QG59 MWX	cl6607u
755	08980879	97-68-05	RS67 3652 8973 3406 8629 93	rr4855i
756	06389841	11-38-94	CR67 4863 1270 2572 9216 2	cn8195o
757	91778948	24-31-79	BR87 6232 2301 8342 2879 5332 936G C	ga0780n
758	80760233	37-61-13	FR59 1416 7591 37XB PFIW VZGO S64	qg2491n
759	96044456	67-55-83	ME53 8190 9688 6596 6408 72	ym5652k
760	22215728	17-97-94	IL86 6365 0958 7942 4251 768	xv5340m
761	06297980	74-56-82	FR29 0301 9339 23PC EYEP EOBA D44	wp6232l
762	66765752	81-00-88	FI14 7026 6179 6059 95	rc5503m
763	87170251	89-10-00	IE50 MCLX 3897 9942 4565 87	fx3241r
764	09895145	23-27-08	GR11 4848 935W 2GFH YDFA UN5S CSE	bk0244j
765	93393264	59-79-50	AD54 0480 7517 ZGKF OTLS 7N6U	uy8213l
766	43859334	95-94-78	NO72 9658 6040 186	kn5936d
767	57506376	55-52-74	AL26 7032 1484 HBUX QE11 NNZI 4KJ9	zj5941h
768	63531512	17-56-25	FO57 8318 4657 5515 46	kd7551a
769	06717394	94-01-48	IL34 5948 8790 9900 5372 146	mr2233n
770	44717406	77-62-78	FR35 9161 2967 06N2 GNBR JYSG H44	fu4813h
771	47079930	93-14-65	FR55 1700 4537 09AC RTMN RMID I68	iv9530t
772	59071759	71-44-23	MK75 736L MYEZ L5TA O10	kj9540x
773	98191089	25-99-56	AT86 1766 9497 5720 4352	po4295s
774	82456576	14-55-48	IE88 YMGO 8478 8575 7368 44	ji0469c
775	65021256	34-35-61	FR39 0761 3291 80BE KUAM WWD7 H41	fy6772j
776	24628396	25-37-86	\N	\N
777	66245335	39-60-76	GR52 5057 235I M6ZX QGGG KGMW IRL	gh3621t
778	59015362	24-62-94	DO15 NYDZ 8893 5865 8468 9446 9600	cf5902p
779	44653105	01-58-74	FR82 3716 9929 62WN MII6 KVDX U53	vv1821f
780	40227637	93-57-42	AD27 7327 3008 AIKY W3YJ LJXS	dw2579n
781	59049017	79-00-81	FR73 9745 7647 74PD EZP3 XYVZ O84	ci8087j
782	47071417	38-81-97	HR32 0662 7454 8878 6890 8	lh9651w
783	98642742	13-49-40	BG13 PHPB 2592 53SU RZM2 BM	jp3920e
784	70347773	13-20-33	SM93 S795 7921 174Y 2LXL NMGH YOA	av5471g
785	91028714	44-64-45	MD77 N5AO NMFV GFGE 2088 JWDW	jy7691u
786	36326241	38-64-34	HU98 2616 4714 6412 9084 8229 4541	im7420y
787	88080537	53-72-65	PT89 8692 4960 9614 2069 6024 7	lt5101j
788	59454708	55-25-00	BH93 SNWZ 0HDJ AP2N Z1TM QG	wi4044n
789	37098473	09-46-61	\N	\N
790	93242470	40-51-99	MT35 AVAA 4594 9R8U 5OYD MFHE KX9L W7W	cx2804v
791	26555015	96-25-98	GL03 7895 6994 1587 15	dy1949z
792	93214835	01-32-05	IL37 4611 6676 6818 4814 341	vn6980d
793	31460318	77-85-66	FR93 5724 8832 62YU RIEI UMDW 479	eb8946j
794	66598317	75-52-35	FR98 9578 1963 42ZJ Z7UT 2GSS R15	qy5647x
795	88877438	48-06-79	DO12 RHPW 6669 7496 2379 3891 3822	ta5128d
796	77238351	59-59-82	ES59 6308 8845 5312 8748 6946	qc4805j
797	59606703	04-44-62	FR14 8493 9000 31XB ABGQ WS1O A16	pz3813u
798	67919165	45-73-64	IT59 H782 7961 3387 YZSE NU2N 74G	rn3270e
799	35660001	25-85-42	DK73 9691 9232 3326 72	vm3883q
800	\N	\N	HR39 1101 0577 5772 6620 8	he2183s
801	99539400	01-79-52	KW67 FMRV IREW YOOJ 7ATD NCHD 78MK 6S	fw4825m
802	32283995	61-07-79	\N	\N
803	09705196	78-93-76	LV52 OVPF KLHL KSPN 4ATM 4	zv2891w
804	46458860	80-18-06	CR28 3468 1588 9825 4869 7	ey9741a
805	06644088	35-71-09	LT91 5367 6923 1050 2435	ur1163z
806	67041782	68-77-07	NL94 QTQY 8251 2158 18	xj2428e
807	35243092	87-92-63	BH69 PHQC Q36A FKHH 1Q9D 6F	ai5589w
808	86991919	20-09-58	CR27 2756 5188 6230 3046 1	kf8002g
809	22275857	00-26-58	FR82 4335 7929 63PS UBW1 SFRR 537	tr9422l
810	27715766	13-61-06	DK22 1991 9711 0592 12	iy4586o
811	37957108	93-99-00	MR76 8350 9330 3772 4534 3520 781	um5972a
812	74267684	63-64-98	BE03 7128 3082 3032	kr0083l
813	78332558	06-97-05	\N	\N
814	51502350	41-32-30	\N	\N
815	73439892	26-82-14	RS72 8572 0955 2938 2690 06	bj4974c
816	51206863	17-78-91	TR59 1066 3T8S R1RI HZCH IZXX HF	vi7911v
817	55782497	91-66-96	LV81 OHXU NOCU YGSF 5GLH T	gr1137c
818	37637545	40-97-20	GR85 3184 691Z DAYR TLLY O7UE QJS	gi7779o
819	04963464	31-43-93	FI43 9702 2817 6935 51	xf6852w
820	78957448	03-84-13	\N	\N
821	11163828	94-41-65	PL82 8599 8387 7716 2388 5981 3588	tw6269j
822	26179873	23-63-53	GE52 XE73 3368 6373 7582 12	uc5215x
823	48836806	15-09-70	DO52 GQ61 0287 6478 6957 2688 8731	wl6612w
824	12762709	09-27-61	LB35 0777 GL2W BSQQ 2TOL EG46 JEQ2	pg9615q
825	42663226	44-90-98	FR02 2418 5992 85IK ATTY 2P93 H78	lu2448u
826	22687130	58-26-77	BR39 9416 2077 1050 1412 5604 117O N	xl3807c
827	83546789	49-50-28	IL36 4154 0873 4729 4581 935	db7324y
828	84630691	77-48-82	FR02 2970 4022 63EE JPOZ JYNO 847	yr3798n
829	32395373	38-96-39	GR16 5454 818T GUDP DTRS AZWY 4HX	bp6893o
830	67999230	68-88-62	BE43 2209 6080 1871	uy4714r
831	36261942	87-40-58	FO41 0037 9612 6218 64	uf2180g
832	02712053	06-85-59	NL45 CSBS 8100 5958 04	oj2984v
833	94455519	96-83-48	SI34 8311 6584 4714 888	am3328b
834	06558291	87-50-67	KW55 GYFL WIDH VEEI HNJD 5ZVP Q3QP KY	jk1899e
835	23999817	80-58-07	IS43 5507 4761 0278 7515 4482 50	tf9667c
836	58224647	17-20-65	ES07 1006 2240 7121 1408 3223	zm1078u
837	34145089	93-18-27	LV63 IDQW QAKM J2ZE ZBIK S	wr4837c
838	15339478	59-93-15	AE84 0793 1986 0488 5514 110	rj4929q
839	51343544	10-01-26	\N	\N
840	41058420	03-98-04	AL12 4854 2334 HBWW ZWGN 6TJK XNCV	yb3596j
841	40728909	54-10-06	FR05 7617 6945 42HG 0FP6 395G J41	lb6030u
842	89461686	53-75-62	FR22 0137 9018 63AL 82M5 LX17 K35	kv2730l
843	92658413	44-40-98	CR07 0186 2753 7372 5597 7	ji1765t
844	57726599	89-39-30	SI72 4827 4473 8457 974	un3093h
845	97668108	20-69-02	KZ78 765O PDYF QPOP Z8LE	mk6541u
846	40772080	27-74-12	FR79 8609 0992 38NC D497 XI1B L71	om8798h
847	21937940	01-38-79	SK54 6643 4802 3664 3645 7386	bv5714e
848	57821697	27-09-60	MT91 PYQF 3265 3RNZ EBQ6 AVTN T6BF KDJ	om3456o
849	52120264	15-44-69	HR81 0823 0314 1563 8179 0	hu3544m
850	81158938	05-38-80	FR39 2910 6224 75J1 CKBC IK46 V77	zv3334x
851	80722561	54-27-47	PL14 8964 2558 3727 5250 9949 9290	az9417b
852	15925868	79-45-74	GL54 1294 7532 1654 38	he0896s
853	06209625	15-38-50	FR50 9803 2566 992J BREX POVO N85	vt6327x
854	98662027	67-49-94	TN48 8376 2840 4718 1266 9327	fy7398x
855	64139333	62-72-38	NL53 BILY 9296 8408 77	eq3009n
856	29525681	61-24-66	BR28 1516 9093 3140 1978 5561 315G T	hw4552m
857	02002408	79-00-07	GE46 IV39 0660 9787 7903 44	qv4119u
858	83811365	01-94-59	BR74 2521 4113 6353 4272 9378 988R A	tb0514y
859	47346696	44-21-11	RO62 YFRS BHFB UQKV BSM3 BNO8	ga9470r
860	20036636	73-63-17	AZ79 NYOQ ULFX 1HIK MA1S GGJX 7GHM	hu9093h
861	43404947	51-68-97	MT42 TDSJ 5269 4VS5 YXQO 14DC FHJR 12W	zm0050q
862	73495962	74-04-98	HR67 9134 2005 7711 9142 6	qv3777q
863	52593480	46-99-46	KZ24 851K MSIC TJF3 GM0V	qv2154p
864	31643759	83-03-15	DK58 0551 1850 7886 38	gx8169o
865	59057572	86-41-85	NO17 9006 2008 871	ni0411t
866	62351540	70-20-99	FI12 5242 7908 9293 25	er7428l
867	43018512	79-51-65	FR04 9040 2115 38J1 6FUK WCQE D63	cl0922n
868	21059637	65-10-10	LB95 5279 UNHO CMSJ PKTU YVLW MM4Z	ww4887b
869	42250201	05-24-63	PT86 0618 2570 0770 5249 0559 7	xp6598t
870	16816633	57-45-53	RS68 9038 2135 7608 5650 64	ha5051m
871	20957171	60-83-93	LU22 608G DWBD W9KO ZLOB	zo2936v
872	32790030	08-67-90	GE94 NN08 2542 4409 9387 37	zc2054t
873	68597397	46-43-83	\N	\N
874	76746718	27-43-23	RO67 NSMS QMWZ V7YH 6FQ9 Q5IA	od6348r
875	11809560	52-00-37	FR48 5433 0322 31BQ FYGV TAPE S68	mi1948n
876	59087003	72-48-50	LU14 352G J294 OXLV BRIJ	kg6028v
877	12003192	91-28-46	IS26 6379 6031 6779 4180 8174 75	ks7392m
878	79151243	07-93-22	BE09 2871 6739 3652	hs4571h
879	93368090	41-61-68	IT23 K288 3061 3775 AWRF OZL7 OD3	pw2456n
880	60175529	84-60-07	AL67 0675 6347 DO4V 3OHN 9JFJ BYTP	ep0891r
881	\N	\N	FR68 5322 0259 19WE JWHU RG4Q 928	tt1052m
882	91513279	41-66-79	\N	\N
883	01508142	84-24-16	BG46 SLXW 6520 46UD V3OS RR	ir5094k
884	50456381	94-85-76	IS40 3709 1496 8483 3144 3315 70	qh8685e
885	59462108	76-72-94	FR60 6163 2504 1643 5PPW 8E3T B17	an3657c
886	42831769	43-12-44	AZ27 SDIA VARH H8CM RKGE JQHM RJTG	wg4835w
887	60506131	01-27-58	FR34 3180 9647 43KE WSQC 2JYG 352	qf6130e
888	70643221	80-63-33	IS26 3141 3135 5728 3284 6480 76	ov2663n
889	73686221	24-88-00	\N	\N
890	13560987	37-19-49	SI42 2228 8471 8068 430	bt1527x
891	36978789	12-58-97	FR94 6409 4264 34X3 9BYF ENR5 H54	pr8406k
892	41682083	90-73-94	IL78 9079 3118 3240 8029 638	eo0859q
893	57877782	35-33-46	AD35 8946 0368 P9YU QWDW RVYQ	jb2301q
894	51043392	13-25-47	\N	\N
895	14747565	05-36-28	\N	\N
896	15692962	74-04-06	SK20 0701 2339 1379 1553 2349	tl1423s
897	26432886	39-29-06	IT12 V459 4073 748J 5P7M CDQF MWY	le0335w
898	45822403	34-04-20	IL03 7119 2430 9409 2757 127	vb5291v
899	47704872	04-00-76	FR35 9152 7093 562Y MQNW HVJR T37	lq5156u
900	51498904	17-57-33	BE55 6061 4557 2207	uk8616q
901	84167615	51-82-82	MK73 445D PEQS V6OW 486	ew7320q
902	27238616	52-09-84	SK15 9727 4974 9788 5034 5604	ak1646z
903	30536810	16-68-62	DE71 9739 8337 7418 0856 43	nl8501t
904	22491102	54-25-87	FR24 7844 6498 50WU JFVO BPGD U51	yk3820c
905	95476830	79-23-67	\N	\N
906	13747070	11-05-89	AD81 0744 9835 SGKH FXFR YRJF	ic9996g
907	71844388	72-48-57	SA06 917M EOTQ F0DT QV4C I0VL	jl7905h
908	61421331	30-39-14	GI42 DCFA WLHA D54N KWBU YYO	jd0188j
909	08397753	70-35-72	FR30 0642 1757 53BL ZXHO UYLX Q68	hw4542h
910	58647890	15-67-72	FR30 4691 4313 17Z8 8D3I HCU9 T17	wp4972s
911	48332064	65-09-18	FR61 6656 5283 84ZX YEXW DUBT L32	tt2081m
912	33378454	53-15-80	FR33 5215 1245 48O6 VWSC XVBS V78	rr1513z
913	47325149	23-14-16	NO81 3330 1458 425	ru9933e
915	73584270	72-59-59	GE34 UX04 6557 0529 2759 66	dw4734t
916	90818197	42-07-11	GI60 NFKC QJWM 8VAX AT8U 5I2	mm1629u
917	60157975	87-61-97	AE32 8087 6890 4831 7748 436	at5238n
918	71542522	63-06-39	SI69 3698 1235 6915 164	st4337p
919	97235653	94-09-20	LI39 9787 54OR A9JB FAZS C	in6748i
920	56913270	09-63-23	MD90 7L9G RBWZ UY8K QHYN G701	vl1195k
921	65583294	64-62-30	FR07 0216 9402 61QT UF2E PCA4 P23	fm4842a
922	75363197	06-37-25	FR14 5960 9897 58AC Q4DQ KU5W T85	fw3268t
923	22299829	16-70-50	AT46 6782 5217 2218 9571	zq9620c
924	21227310	59-14-98	LU50 8341 WFCO IL2I SRUS	xz5583z
925	68897113	75-11-30	CY06 1051 1326 TOE4 3QXH A4XM 0W5K	rg8255d
926	43602162	27-23-94	SM04 O802 6711 541H SO9R NDLQ UPD	ja0643z
927	28323785	61-03-14	BR93 6766 4361 9769 8848 1762 655T 5	cs0927c
928	54082435	10-53-20	MT20 TFMM 6470 11J4 P4Q0 YTHO RUZM NYW	jt3039s
929	46675339	21-30-93	ES95 6512 7282 3200 3457 7542	uz1637y
930	52314136	52-17-34	BE03 1993 7074 1829	ti2125y
931	15432108	94-84-78	FR36 0955 6578 61HI LEMT 670N 491	js0041u
932	64092710	07-74-46	AL96 9508 5716 OX8A VYA8 ZBYH LYEQ	ex6257z
933	62799440	61-79-07	LI12 7183 6XSL 57BO 2EFR X	sg8202g
934	83388298	19-63-04	MR34 0035 9813 5556 1599 0844 902	bn4203y
935	74061816	87-35-55	AT33 6046 0185 1413 1177	em5423i
936	29342045	25-83-75	GI09 OKFZ HIPV 4WMY XDB1 MSW	ij4040r
937	56987241	22-23-40	GL98 0148 9503 5259 01	yo7112t
938	37236823	71-95-62	CH08 7151 5NGC EMFS AA7W Y	sh1637w
939	36889871	13-89-99	\N	\N
940	57913836	07-37-55	MD08 ERIR QU4U VPQT S0F3 NJYI	mu2827n
941	33211314	11-51-16	\N	\N
942	39075238	61-65-78	FR90 1033 0750 59BM YDSV EI7Y M62	di3425p
943	38087066	62-54-47	IT50 J997 7488 906K 9QH5 NJJC 7XT	if7649v
944	04083692	22-33-59	BR78 3058 5656 4659 5990 6865 775O 8	li6657f
945	24906965	73-64-39	AD36 3652 2740 6WH4 VMTJ LBN0	xo9412s
946	16507289	53-41-29	AZ49 JXDG PJZS AD2Y KJNL NOD9 CLYL	xt5100t
947	89871757	96-11-51	\N	\N
948	24157094	87-03-93	NO95 5904 0766 588	uh5659w
949	54471885	26-21-51	LV12 MFZH G5IT HXBY ZG1E A	up7248c
950	01981015	97-35-60	LT06 8745 3282 7426 8679	rf3885f
951	76637423	07-43-82	SE21 8994 8516 1274 7590 8557	or3741b
952	53705739	22-98-30	PS46 VEWC 8NI9 0GRY 44MK DRV0 L894 U	ob1612s
953	79165684	33-00-20	LI25 4676 8H3V SYC8 TNB6 K	rc1966i
954	41034448	71-61-33	HR48 1160 4234 4945 5657 5	kk5135f
955	26954759	47-21-30	\N	\N
956	61937162	42-06-26	MK89 469K KCJ8 IMCP D69	sz4530v
957	35917517	37-91-20	IT28 E900 8064 3214 58CQ R1R8 OOR	qz6078v
958	92184152	89-33-97	NL69 PXSQ 3952 9886 88	ms9685f
959	65342885	44-62-53	ES53 0291 3949 5518 4717 8957	sv4492t
960	16719983	27-20-64	PL55 7276 6678 0685 4563 3239 0428	vz5006k
961	05125463	39-38-32	VG18 ZLAK 4580 0045 3999 2225	ef0006t
962	34210929	70-26-77	RS70 6180 7985 8109 3345 54	om2359p
963	94594959	16-04-99	FR56 9298 8605 19RX MKAX TMXI 364	ub9615j
964	18479576	07-10-24	IT53 F322 9873 574Q Z4WG SRCD NBC	gq5407y
965	35513485	76-07-49	RO25 HNDY E1NV ZCOS FRCG FGS6	oi9507o
966	69411679	46-37-11	MR44 4374 3775 0243 2390 9425 517	jh5060r
967	51422952	50-09-37	HR84 5371 2688 1361 2761 0	at8081u
968	27320415	33-58-66	FR60 3655 7321 052A 0D4D JCEU K33	hq5595s
969	42355810	88-10-20	PT19 8331 0713 5247 2933 8102 6	sb4032i
970	98660501	03-74-07	FR66 6716 4955 19WY LFIY Y5NT O08	gh5625p
971	99636389	36-51-42	NL30 UHDF 6343 5453 53	ye0230i
972	91075214	56-27-78	\N	\N
973	96163673	18-93-85	CY31 4483 6615 B6FA MWIL HCIE REWS	gq0428x
974	05544811	77-83-45	BE84 2179 4268 0568	xu0810r
975	66666741	88-11-97	CZ20 1773 3474 3212 7184 7006	qq6629c
976	89570298	91-49-11	DE82 4291 9904 4686 9039 91	ba4598l
977	80831886	91-08-85	GI40 IFQQ IAL0 SNSJ 4MBJ D5J	nu6448m
978	95614260	18-62-29	LI25 9339 2RME R37R KBIP 3	xo2595v
979	10681204	60-06-45	HR78 8267 3461 5235 8580 0	ib1092z
980	42486705	76-91-36	AD13 7809 5841 N3CB FVJA MMZY	mf5225o
981	60711530	19-32-15	PT46 2640 9070 9627 5335 3477 8	ry4912e
982	61006247	70-42-20	DE35 7080 6677 0909 6096 25	jt3448u
983	70552033	08-88-24	FO41 0348 1980 1445 53	af7206w
984	75673790	50-26-01	IL54 6089 8072 3365 8383 229	af5618x
985	49505090	89-71-22	CR52 1073 3136 3911 4205 5	ku9840v
986	11551244	17-72-31	HR28 4421 5467 5096 7773 5	ej0519x
987	02266929	06-08-20	MT14 GSAQ 5932 7PIA 5AMC SM3F D9VV CHG	pg9082v
988	42686977	17-19-14	PK37 VXPU H0LK 89YC DNLL 1BDP	my4424u
989	94012341	28-48-95	\N	\N
990	73489271	23-90-65	CZ96 3133 2493 5272 7399 9153	qz3003o
991	51260204	11-35-60	PL73 2472 2147 7809 0106 7814 5309	id4701t
992	16203151	15-70-32	IS23 3198 2013 2072 0340 1262 76	hm4955c
993	58698746	04-73-40	IS31 3211 3248 2667 6173 2006 37	zg4269s
994	69632417	97-25-53	FR68 9694 6431 355G TIBO CS0U 079	vk8692a
995	07162820	30-26-29	EE36 4848 0378 7838 1598	xv1241q
996	59650915	19-00-43	FR54 6607 8738 86BI LVAJ EVCK V54	rw0213f
997	69253954	03-75-93	TR05 8196 6ALK 9ASV 7R2X LOKL HS	ap2297u
998	48065328	83-51-16	FR59 7042 3082 56MV PXFW KDY2 V86	wg7309q
999	94679972	29-36-00	CR90 3039 3199 6485 2281 0	ri5185r
1000	30521744	01-39-44	DE14 4385 2691 9006 6052 76	jb5140f
\.

COPY public.teams (id, name, charge_cost) FROM stdin;
1	Audit Team 1	30
2	Audit Team 2	30
3	Risk Team 1	50
4	Risk Team 2	50
5	Audit Escalate	60
6	Risk Escalate	100
7	Data Team 1	40
8	Data Team 2	40
9	Data Escalate	80
10	Corporate	100
\.

COPY public.employees (id, first_name, last_name, email, ip_address, mac_address, department, team_id, grade, country, fte_hours, pension_enrol, salary, pay_detail_id, start_date) FROM stdin;
1	Ibbie	Roscrigg	iroscrigg0@google.fr	151.25.97.139	71-2F-06-DC-B0-3D	Legal	9	0	Nigeria	0.25	t	97667	1	2014-12-25
2	Sylas	Smallcomb	\N	211.42.36.231	92-2A-7A-C5-1A-D0	Training	3	0	Macedonia	0.75	f	48556	2	1991-08-01
3	Saleem	Adame	sadame2@utexas.edu	2.191.66.12	99-FE-2D-AE-43-AD	Services	9	0	Portugal	0.25	t	91749	3	1999-10-09
4	Osmund	Kittel	okittel3@bloomberg.com	74.84.47.183	05-4A-5C-B7-20-9B	Legal	10	0	United Kingdom	1.00	t	51200	4	2007-09-06
5	Feodora	Dumingos	fdumingos4@bandcamp.com	156.106.229.168	FA-FB-3D-4A-CA-4E	Engineering	2	0	Indonesia	0.50	t	60460	5	1990-03-28
6	Peter	de Vaen	pdevaen5@mail.ru	36.239.255.54	9D-7E-24-B8-D3-3A	Product Management	2	1	Greece	0.50	f	32060	6	1992-06-30
7	Livy	Coneau	lconeau6@sciencedaily.com	203.31.37.73	89-41-D4-83-BD-F5	Marketing	2	0	China	0.25	f	88481	7	2018-11-11
8	Misti	Toll	mtoll7@addthis.com	244.254.33.46	3C-FE-3F-62-BE-3B	Support	10	0	Philippines	0.75	f	81088	8	2008-07-06
9	\N	Spawforth	tspawforth8@flavors.me	167.198.128.161	D6-2F-1E-E5-A7-54	Product Management	5	0	Russia	1.00	f	61847	9	2013-01-18
10	Seymour	Crumbleholme	scrumbleholme9@lycos.com	93.119.204.158	D3-50-C8-78-5C-C6	Training	9	0	Indonesia	0.75	f	48322	10	2015-09-05
11	Idaline	Pawfoot	ipawfoota@oracle.com	167.105.8.31	9B-90-28-C0-70-12	Marketing	1	0	Greece	0.25	t	56593	11	2017-09-29
12	Thorstein	Garr	tgarrb@icio.us	125.24.15.163	DF-49-67-9C-1D-9B	Legal	1	0	China	0.75	f	39926	12	2012-03-23
13	Jessa	Orman	jormanc@eepurl.com	178.131.224.130	B2-84-61-41-1C-51	Marketing	3	0	China	0.25	f	30138	13	2008-10-22
14	Harlen	Cottu	hcottud@theguardian.com	200.155.252.211	\N	Engineering	4	0	Mexico	0.25	\N	75705	14	2012-12-18
15	Minette	Scamadin	mscamadine@phoca.cz	181.220.106.35	E3-43-91-F4-D6-D6	Accounting	6	1	Indonesia	0.50	f	84127	15	1990-10-08
16	Augusta	Andresen	aandresenf@google.co.jp	174.5.98.182	61-33-03-A4-37-EE	Sales	3	0	China	1.00	f	42571	16	2018-12-07
17	Janie	Bourgaize	jbourgaizeg@imageshack.us	\N	DA-02-51-F9-30-EE	Services	6	1	Philippines	1.00	t	76831	17	2005-09-07
18	Feliks	Balhatchet	fbalhatcheth@usa.gov	150.208.135.178	22-83-36-1B-89-75	Business Development	8	0	Ukraine	1.00	f	81815	18	2008-03-01
19	Robby	Harragin	\N	147.134.231.91	38-42-AE-5E-22-67	Legal	10	0	South Korea	0.25	t	70830	19	1998-07-20
20	Paula	Bloggett	pbloggettj@lulu.com	171.1.217.226	6A-CB-51-DB-76-38	Research and Development	4	0	Mozambique	0.25	t	\N	20	2009-08-06
21	Fina	Klimt	\N	139.109.193.187	04-67-C2-4D-14-2C	Business Development	5	0	China	0.25	t	\N	21	2006-06-03
22	Carie	Rimbault	crimbaultl@dyndns.org	220.236.66.194	FB-06-44-5B-5E-D6	Human Resources	4	0	Philippines	0.25	t	95805	22	2017-03-15
23	Tamqrah	Inchboard	tinchboardm@dmoz.org	85.165.196.248	56-A7-A1-42-D2-AA	Engineering	1	0	France	0.25	f	94088	23	2016-05-25
24	Michal	Luxen	mluxenn@bigcartel.com	146.237.196.193	59-A9-39-83-5F-73	Training	4	0	China	0.25	f	45235	24	1996-03-30
25	Corilla	Coe	ccoeo@webnode.com	105.148.112.161	BC-51-DA-70-3B-AA	Training	7	0	Poland	1.00	f	96915	25	1991-10-06
26	Carin	Baggot	cbaggotp@seattletimes.com	\N	15-25-96-48-D9-B7	Training	2	0	Uzbekistan	1.00	f	86428	26	2017-10-14
27	Claiborne	de Broke	cdebrokeq@marriott.com	151.141.75.141	7B-DD-5A-CE-07-11	Human Resources	1	0	China	0.25	f	50522	27	\N
28	Carmon	Caldayrou	ccaldayrour@barnesandnoble.com	19.182.143.152	02-91-29-A0-20-92	Support	1	1	South Africa	0.75	t	25867	28	2007-05-04
29	Odessa	Defew	odefews@virginia.edu	253.12.35.97	88-95-83-EA-C8-70	Research and Development	1	0	Slovenia	0.25	t	\N	29	1990-08-07
30	Orville	Cutteridge	ocutteridget@moonfruit.com	222.86.250.78	B0-3E-7A-92-C0-BA	Accounting	6	\N	China	0.50	f	77805	30	2014-12-01
31	Milissent	Sumers	msumersu@ehow.com	214.55.28.221	45-06-21-3D-B4-48	Business Development	7	\N	Ivory Coast	0.75	f	\N	31	2001-11-23
32	Adrea	Brigham	abrighamv@opera.com	109.109.139.158	04-C7-08-B8-50-A5	Research and Development	8	0	China	0.50	f	\N	32	2019-03-12
33	Gay	Fulk	gfulkw@qq.com	\N	C5-AA-88-84-02-A5	Product Management	10	0	China	0.50	t	90605	33	2017-06-12
34	Elsa	Smetoun	esmetounx@360.cn	76.254.69.119	57-AA-A6-A3-31-64	Sales	1	0	Uzbekistan	0.25	f	38077	34	1996-01-20
35	Carmelia	Freezer	cfreezery@apache.org	64.4.146.169	5E-5D-04-83-C9-31	Human Resources	8	1	Indonesia	0.50	f	60459	35	1992-12-07
36	Rozele	Duny	\N	70.14.227.56	9D-57-E1-1C-2C-0A	Research and Development	5	0	Libya	1.00	t	84879	36	1994-10-14
37	Franky	Idell	fidell10@economist.com	248.126.44.179	FB-CB-23-4B-E6-0F	Legal	4	0	Sweden	1.00	t	\N	37	1990-06-06
38	Bettye	Moxted	bmoxted11@msn.com	25.93.5.65	C0-1E-64-DA-4F-FA	Engineering	4	0	United States	0.25	t	38648	38	1990-02-12
39	Sybilla	Lodewick	slodewick12@salon.com	133.175.71.233	61-8B-F5-4B-A1-84	Engineering	4	0	Colombia	0.50	t	29138	39	1995-02-08
40	Felicdad	Flewett	fflewett13@goo.gl	130.244.192.13	A7-97-67-9A-FA-2F	Accounting	9	0	Laos	0.75	t	\N	40	\N
41	\N	Dodshun	ddodshun14@who.int	207.60.111.197	4A-3B-59-DC-C7-FA	Marketing	1	0	Indonesia	0.25	t	20898	41	2017-06-20
42	Felicle	McGeneay	fmcgeneay15@reference.com	238.79.82.180	2E-78-B6-D0-E1-E9	Legal	8	1	United States	0.50	f	31873	42	1990-12-18
43	Theo	Bolesworth	tbolesworth16@networksolutions.com	83.63.251.215	5E-98-E7-71-37-B4	Training	2	0	Philippines	0.50	t	38571	43	2012-01-18
44	\N	Gilluley	egilluley17@mozilla.org	195.30.239.128	A1-6E-B9-8E-B3-FB	Business Development	9	0	Ukraine	0.25	t	84472	44	1999-05-21
45	Verney	MacDermot	vmacdermot18@redcross.org	134.80.84.161	57-63-45-48-0D-73	Business Development	1	0	China	0.50	t	45640	45	1999-11-06
46	Hartwell	Schole	hschole19@tinyurl.com	133.166.115.34	B0-62-7E-DE-37-2D	Accounting	10	0	China	0.75	t	90647	46	2009-08-15
47	Giselle	Hlavac	ghlavac1a@yelp.com	153.150.104.176	ED-18-FE-07-99-EB	Legal	1	1	Colombia	0.75	t	32782	47	1995-10-15
48	Barney	Yakovitch	byakovitch1b@hao123.com	111.120.43.114	47-F7-46-10-CF-93	Product Management	7	0	Dominican Republic	0.25	f	51593	48	2014-09-29
49	Rafi	Faunch	rfaunch1c@e-recht24.de	32.35.81.111	E3-29-0A-D8-9C-08	Human Resources	9	0	Russia	0.75	t	75943	49	2007-03-20
50	Sydel	Frowde	sfrowde1d@tripod.com	229.188.239.19	7A-89-18-29-9F-B3	Marketing	6	0	China	0.25	t	96892	50	1990-11-20
51	Tawsha	Cousin	tcousin1e@hc360.com	16.61.64.143	9A-10-66-0A-99-3C	Training	3	0	Indonesia	1.00	f	93921	51	1998-12-01
52	Montgomery	Sandwick	msandwick1f@google.pl	172.4.171.167	F4-3A-F9-B2-A5-B0	Accounting	5	0	China	0.75	f	44341	52	1996-08-20
53	Augustina	Dreus	adreus1g@wisc.edu	\N	79-AC-4E-B3-FE-BF	Services	3	0	Slovenia	0.25	f	67973	53	1993-05-22
54	Stanislas	Semmens	ssemmens1h@dagondesign.com	142.125.117.39	55-34-45-DA-F8-ED	Research and Development	2	0	Russia	0.25	t	23926	54	2001-02-08
55	Brit	Gange	bgange1i@google.it	29.58.206.56	95-D3-D3-39-24-35	Services	5	0	Russia	0.50	f	97514	55	2018-05-10
56	Janina	Mulcock	jmulcock1j@biglobe.ne.jp	\N	C5-48-C8-60-DD-11	Product Management	8	1	Greece	1.00	t	82377	56	2012-03-17
57	Rheba	Booton	rbooton1k@bravesites.com	106.95.229.165	55-4A-A1-99-7D-69	Engineering	1	0	Brazil	0.75	f	22683	57	2004-12-11
58	Jerrold	Hardern	jhardern1l@google.ca	\N	A6-28-8B-0D-F1-53	Human Resources	8	1	Argentina	0.75	t	48722	58	2017-10-21
59	Lida	Castagnier	lcastagnier1m@ucoz.com	33.204.25.181	8B-89-CC-88-84-2B	Training	1	0	China	1.00	f	79103	59	1994-04-15
60	Adella	Drees	adrees1n@artisteer.com	149.90.251.64	8F-6F-96-9E-64-B9	Business Development	4	0	China	0.25	t	95752	60	2012-09-27
61	Joseito	Griss	jgriss1o@smh.com.au	24.248.155.144	35-D6-8E-49-F6-91	Marketing	5	1	France	0.50	f	36548	61	2001-12-09
62	Devinne	Normabell	dnormabell1p@chicagotribune.com	249.208.182.2	\N	Research and Development	6	0	Nigeria	1.00	\N	70742	62	1994-10-29
63	Reynard	Jonson	rjonson1q@tuttocitta.it	200.6.113.84	1E-B6-AE-EB-09-EB	Legal	5	0	Poland	0.50	t	70416	63	1997-09-08
64	Henri	Castro	hcastro1r@nhs.uk	211.14.4.242	\N	Training	7	0	Peru	0.50	\N	46732	64	\N
65	Upton	Winstone	uwinstone1s@bloglines.com	37.21.212.130	4F-B2-AD-73-35-42	Support	10	0	Thailand	0.75	t	85631	65	1997-12-28
66	Jeri	Evershed	jevershed1t@blogger.com	87.99.161.53	F4-4D-C2-59-24-A1	Training	1	1	Belgium	0.25	t	47261	66	1999-03-31
67	Justinn	Bediss	jbediss1u@naver.com	150.249.93.194	B0-D0-9D-C9-50-73	Business Development	2	0	Poland	0.75	t	32397	67	2018-04-21
68	Chaunce	Vazquez	cvazquez1v@moonfruit.com	166.172.114.130	A3-C7-89-12-4B-09	Accounting	4	0	China	1.00	f	37172	68	2017-09-01
69	Gnni	Eneas	geneas1w@sourceforge.net	237.55.203.254	53-6C-39-15-21-4C	Training	6	0	Ukraine	0.50	t	23870	69	1996-05-30
70	Luciana	Pordall	lpordall1x@webnode.com	3.148.32.158	DE-21-68-D9-12-EB	Marketing	5	1	French Polynesia	1.00	t	78878	70	2013-09-19
71	Aubree	Bernakiewicz	abernakiewicz1y@xrea.com	173.40.213.229	1D-D0-4F-74-50-7A	Services	2	1	France	0.50	f	64631	71	1998-01-01
72	Leopold	Rowlands	lrowlands1z@over-blog.com	30.217.102.235	A3-B8-7E-D5-65-93	Research and Development	5	0	China	0.50	f	88922	72	1997-04-28
73	Olenolin	Pescott	opescott20@multiply.com	8.188.21.54	57-68-4F-F5-D6-3E	Research and Development	9	0	Portugal	1.00	f	65501	73	2019-03-28
74	Ardelle	Parnall	aparnall21@histats.com	114.57.106.211	FF-AA-20-BC-44-4B	Product Management	2	1	China	1.00	t	43899	74	2003-10-16
75	Dex	Hallmark	dhallmark22@stanford.edu	48.128.113.254	F6-4A-03-8D-ED-63	Sales	8	0	Czech Republic	1.00	f	89139	75	2004-12-16
76	Sonni	O'Dogherty	\N	142.158.64.191	45-E0-06-78-B0-38	Training	6	0	Japan	0.25	t	60457	76	2011-04-04
77	Sammie	Giannazzo	sgiannazzo24@ovh.net	179.117.12.195	1E-B0-D2-6C-E0-6D	Marketing	3	0	Brazil	0.50	f	80077	77	2014-03-10
78	Jermayne	Learmouth	jlearmouth25@paypal.com	41.143.0.116	78-83-BF-6D-11-D2	Accounting	1	0	China	0.50	t	69538	78	1998-10-12
79	Wren	Itter	witter26@adobe.com	69.51.5.131	35-00-70-19-62-AF	Support	9	0	China	1.00	t	93057	79	2016-01-11
80	Angus	Adame	aadame27@last.fm	22.152.19.19	B8-A3-56-6D-D2-95	Marketing	8	1	China	0.25	f	86591	80	2003-04-09
81	Agathe	Durban	adurban28@mail.ru	202.134.147.123	7D-35-78-41-9A-A6	Legal	5	0	Argentina	0.75	f	98929	81	2017-10-06
82	Claudio	Ferrulli	\N	209.79.239.93	F5-9D-A5-5D-EB-4E	Accounting	4	0	Indonesia	0.25	t	33548	82	2002-10-05
83	Kathryn	Brandoni	kbrandoni2a@a8.net	114.227.190.223	16-93-BF-42-D7-DC	Support	6	0	Cameroon	1.00	t	32579	83	1992-03-05
84	Brena	MacPhail	\N	193.95.54.60	45-54-03-C9-7A-95	Marketing	2	0	Comoros	1.00	t	99119	84	1990-03-24
85	Iorgo	Rickaby	irickaby2c@auda.org.au	43.138.182.12	57-2F-E9-D4-98-10	Legal	5	0	China	0.50	f	37548	85	2018-02-18
86	Beatrisa	d' Elboux	bdelboux2d@dell.com	58.229.11.145	81-3D-0A-90-03-AB	Support	8	0	Poland	0.50	f	61397	86	\N
87	Ellissa	Batchelour	ebatchelour2e@woothemes.com	198.213.229.44	9B-6C-BD-74-10-55	Support	7	0	Philippines	1.00	t	87983	87	2012-09-04
88	Ardys	Benbow	abenbow2f@toplist.cz	225.179.95.106	87-96-F1-D5-6F-DB	Marketing	9	1	Brazil	0.75	f	69832	88	2007-07-06
89	Tadeas	Hanne	thanne2g@toplist.cz	187.21.45.177	DF-83-D3-29-72-A5	Marketing	1	1	Brazil	1.00	t	67884	89	2000-08-25
90	Vyky	Henderson	vhenderson2h@mail.ru	152.70.80.187	E9-5E-13-5C-00-44	Business Development	5	0	Israel	0.75	f	75748	90	1991-03-28
91	Fran	Blazy	fblazy2i@elegantthemes.com	211.181.132.243	F0-7E-9D-34-78-77	Marketing	2	0	Sweden	0.25	f	45909	91	\N
92	Vivienne	Darwen	vdarwen2j@paginegialle.it	195.231.46.61	75-CD-F2-8F-6E-C6	Training	8	0	Lithuania	0.75	f	20063	92	1992-07-30
93	Adriena	Barnwill	abarnwill2k@oakley.com	85.130.36.35	21-26-78-AC-7A-FD	Accounting	1	0	Philippines	0.25	f	78764	93	2013-09-19
94	Darsey	Cescon	dcescon2l@xinhuanet.com	231.209.216.223	AA-C1-7E-58-CF-2F	Accounting	3	0	Canada	0.75	f	83270	94	2010-01-08
95	Elissa	Rawsthorne	erawsthorne2m@geocities.com	249.71.214.59	2A-85-06-D9-FE-3C	Sales	7	0	China	0.50	t	95166	95	2013-07-03
96	Emili	Creek	\N	133.8.147.110	C3-C1-84-D0-6E-A6	Services	7	0	China	0.25	f	77529	96	2012-05-28
97	Ricki	Frankton	rfrankton2o@ucla.edu	220.154.53.10	39-6C-03-EF-61-95	Marketing	2	0	United States	0.50	f	60516	97	2010-02-09
98	Cassandre	Beagrie	cbeagrie2p@wufoo.com	102.110.208.234	31-32-35-16-22-AB	Accounting	2	0	Brazil	1.00	f	20333	98	2011-02-03
99	\N	Garn	ngarn2q@loc.gov	210.193.62.124	35-90-06-7F-C0-F8	Support	9	0	Cuba	0.50	f	55685	99	2011-02-13
100	Launce	Feyer	\N	19.115.69.200	29-B5-D5-A4-33-69	Engineering	6	0	Philippines	1.00	f	66410	100	2000-09-19
101	Shep	Loveday	sloveday2s@twitpic.com	188.163.6.179	7C-0B-AF-11-91-97	Engineering	5	0	China	1.00	t	51772	101	2012-11-11
102	Marika	Loxdale	mloxdale2t@bloglovin.com	26.6.120.43	47-50-99-FB-69-E1	Accounting	8	1	Albania	0.75	t	47122	102	\N
103	Duffie	Elderfield	delderfield2u@webnode.com	106.190.197.233	AD-B3-C8-D4-CD-B6	Legal	9	0	Greece	1.00	t	35352	103	2016-11-23
104	Leslie	Matys	lmatys2v@slate.com	42.172.207.54	5C-2F-DC-8E-60-BD	Engineering	8	1	China	0.25	t	25808	104	1995-11-08
105	Tirrell	Dumke	tdumke2w@lulu.com	201.115.20.26	B2-C7-74-EA-F3-F7	Training	1	0	Russia	0.25	f	84758	105	2016-03-18
106	Ruddy	Burleton	rburleton2x@yahoo.com	193.36.13.137	A2-2F-C9-5D-DA-75	Marketing	1	0	Peru	1.00	f	64753	106	2016-03-11
107	Karlyn	Housecroft	khousecroft2y@drupal.org	29.155.20.40	7F-29-37-B2-67-14	Business Development	4	0	China	1.00	f	56416	107	2009-07-24
108	Julie	Sholem	jsholem2z@army.mil	144.149.213.134	B8-98-C4-56-0A-4C	Services	5	1	Poland	0.50	f	94985	108	1993-01-11
109	Laurice	Verry	lverry30@java.com	140.117.76.130	D8-38-21-39-6F-7D	Human Resources	9	0	China	0.25	f	59917	109	2009-01-30
110	Sanders	Gommery	sgommery31@ocn.ne.jp	96.146.102.13	0C-1C-B2-97-CE-11	Training	3	0	China	0.25	t	43420	110	1994-02-24
111	Obidiah	Novak	onovak32@odnoklassniki.ru	184.239.219.26	D6-30-49-11-9B-FC	Training	1	0	Indonesia	0.75	f	74489	111	2014-06-06
112	Spencer	Rollinshaw	srollinshaw33@paginegialle.it	107.108.42.239	A9-D8-56-E7-7D-B0	Engineering	4	0	Brazil	0.75	t	83727	112	2008-12-20
113	Benoite	Musselwhite	bmusselwhite34@wiley.com	219.27.94.212	2C-64-AA-DC-97-43	Training	9	0	Ukraine	0.75	t	\N	113	2000-06-24
114	Dulce	Panyer	dpanyer35@state.tx.us	64.214.136.235	EB-E1-EA-03-59-7B	Research and Development	5	0	Thailand	0.75	t	26548	114	1994-09-27
115	Claudius	Matthessen	cmatthessen36@newsvine.com	221.88.168.130	D5-08-C5-82-0A-B3	Business Development	8	0	China	0.25	t	90737	115	2016-07-27
116	Lyssa	Peracco	lperacco37@google.es	127.245.163.241	88-BD-88-D8-D9-47	Legal	4	0	Iraq	0.75	f	24397	116	2013-05-22
117	Hattie	Teesdale	hteesdale38@diigo.com	170.0.123.164	52-5D-11-C3-77-FB	Sales	5	0	Iran	0.50	t	69401	117	2010-10-11
118	Betteann	Cannell	bcannell39@upenn.edu	122.47.92.177	77-73-D1-92-D4-45	Research and Development	3	0	Indonesia	1.00	t	25547	118	2000-12-25
119	Immanuel	Joret	ijoret3a@so-net.ne.jp	182.61.25.208	A3-3C-40-9A-D9-04	Sales	2	0	China	1.00	f	95670	119	2001-02-06
120	Judy	D'Emanuele	jdemanuele3b@yolasite.com	181.214.173.253	B2-1D-E5-B9-7E-E2	Legal	7	0	Albania	1.00	f	61785	120	2008-09-11
121	Lynn	Pires	lpires3c@businessinsider.com	173.180.30.111	1E-98-E2-68-06-20	Services	6	1	Palestinian Territory	0.75	f	64902	121	2016-07-18
122	Rusty	Grishin	rgrishin3d@wikimedia.org	105.44.146.34	C2-88-F9-56-A8-6D	Product Management	3	0	Philippines	0.25	t	20307	122	2004-08-23
123	Lindsey	Humpherson	lhumpherson3e@cnn.com	17.98.115.157	19-F8-25-49-E6-9C	Product Management	10	1	Argentina	0.75	f	90241	123	2007-12-27
124	Aimil	Ipgrave	aipgrave3f@github.io	81.247.164.201	D4-71-E7-FF-B9-03	Business Development	2	0	Indonesia	0.75	f	39399	124	2015-11-04
125	Felix	Emery	femery3g@home.pl	22.12.216.196	D3-A2-86-E5-1B-A4	Marketing	10	1	China	0.75	t	74050	125	2017-12-25
126	Avigdor	Cheer	acheer3h@shinystat.com	19.112.166.1	1F-83-A3-19-24-08	Product Management	10	0	United States	0.25	f	44347	126	2000-06-05
127	Beauregard	Stolworthy	bstolworthy3i@google.fr	27.12.77.215	C2-95-E8-A2-55-5B	Engineering	10	0	Philippines	1.00	f	34507	127	1994-07-23
128	Brucie	Crocombe	bcrocombe3j@abc.net.au	123.154.63.58	1A-2E-B4-57-DD-6F	Services	2	1	Egypt	0.75	t	70600	128	1999-06-03
129	Aileen	Orris	\N	126.98.160.120	07-5C-A8-E0-01-36	Product Management	7	0	Indonesia	0.75	f	50242	129	1998-01-03
130	Brandtr	Kowal	\N	109.76.36.237	54-E4-10-A3-BD-4E	Engineering	5	0	Greece	1.00	f	60889	130	\N
131	Shena	Nelles	snelles3m@chicagotribune.com	224.106.33.27	33-0A-C4-8D-1E-07	Marketing	8	0	Indonesia	0.25	f	23207	131	1998-05-05
132	Vanna	Paaso	\N	32.7.99.57	3D-37-B6-59-4E-E8	Engineering	3	0	Indonesia	0.75	t	30272	132	2013-08-24
133	Jason	Oboy	joboy3o@delicious.com	74.124.50.88	9E-ED-E7-15-D4-F5	Legal	8	0	Mexico	0.25	f	35911	133	1994-01-08
134	Tatiania	Moukes	tmoukes3p@weather.com	78.154.191.212	2B-8A-A7-C6-E5-3B	Marketing	7	0	Indonesia	0.50	f	65340	134	2013-10-30
135	Gris	Tarpey	gtarpey3q@creativecommons.org	229.183.233.219	26-A9-27-B5-95-4D	Product Management	1	0	Indonesia	0.25	f	23752	135	2002-01-22
136	Nannette	Olin	nolin3r@cisco.com	246.202.100.246	60-6C-0C-4E-1C-42	Services	8	0	Croatia	1.00	f	53753	136	2005-01-02
137	Berta	Melanaphy	bmelanaphy3s@so-net.ne.jp	92.94.253.156	34-17-49-C6-82-36	Engineering	8	0	Portugal	0.50	t	27598	137	2018-03-04
138	Brier	Justham	bjustham3t@dyndns.org	203.236.37.68	\N	Marketing	1	0	China	0.75	\N	86437	138	2003-06-27
139	Calli	Nuschke	cnuschke3u@de.vu	99.127.149.86	1E-DA-F8-45-D7-D2	Engineering	2	0	Mexico	0.50	t	87556	139	2008-05-22
140	Leone	McKeaney	lmckeaney3v@posterous.com	180.191.114.89	B4-76-AE-80-41-08	Business Development	6	0	Tunisia	0.75	f	48526	140	2007-09-20
141	Johnna	Charrett	jcharrett3w@bandcamp.com	94.35.159.22	D8-6B-2B-F7-BC-5E	Accounting	3	0	Philippines	0.75	f	23008	141	2009-07-02
142	Sisely	McPhee	\N	115.240.34.119	0C-65-1A-6D-63-FA	Accounting	4	0	Indonesia	0.75	f	49404	142	2007-02-22
143	Cornie	Palluschek	cpalluschek3y@squarespace.com	165.44.109.99	34-32-2B-9A-6C-F3	Research and Development	4	0	Angola	0.25	t	65340	143	1998-08-25
144	\N	Bram	\N	180.188.53.34	85-C7-B2-8B-45-F0	Services	8	0	United States	0.50	f	23731	144	2005-11-08
145	Ibrahim	Enden	\N	99.9.153.152	7A-CD-6E-49-DC-01	Marketing	7	1	Nicaragua	0.50	t	65001	145	2005-05-31
146	Dickie	Gosden	dgosden41@cam.ac.uk	31.246.221.244	0E-DD-D2-26-94-86	Support	5	1	Syria	0.75	f	96971	146	1990-12-17
147	Hubie	Butter	hbutter42@jigsy.com	5.33.107.56	A7-90-4E-C8-FA-84	Engineering	7	1	Indonesia	0.50	t	96861	147	2006-03-08
148	Hephzibah	Helgass	hhelgass43@weather.com	45.236.246.104	A3-DF-10-DA-06-3D	Legal	5	1	France	0.25	t	27641	148	2002-07-11
149	Stinky	Beaushaw	sbeaushaw44@ask.com	129.22.147.0	F9-3F-A1-34-D9-35	Business Development	7	1	China	0.25	f	98442	149	2010-03-09
150	Elsi	Norquay	\N	175.126.219.196	\N	Training	4	0	Italy	0.75	\N	78458	150	2006-01-23
151	Alfons	Baily	abaily46@linkedin.com	159.101.73.162	58-C6-5F-1C-64-B1	Product Management	9	0	Brazil	0.75	f	25001	151	2010-05-13
152	Taddeusz	Tonnesen	ttonnesen47@newsvine.com	37.118.249.216	26-24-58-36-CE-FC	Research and Development	1	0	China	0.75	t	50961	152	2012-07-22
153	Jasun	Kingswood	jkingswood48@rambler.ru	94.184.243.103	43-B2-8D-79-4D-03	Legal	6	0	Portugal	0.50	f	28782	153	1993-01-30
154	Melicent	Lannen	mlannen49@vinaora.com	12.172.137.33	28-29-FF-ED-70-7D	Accounting	9	0	Dominican Republic	0.25	f	80167	154	\N
155	Angie	Rohlf	arohlf4a@cafepress.com	158.221.221.197	AE-4F-88-BA-59-2F	Research and Development	3	1	Indonesia	1.00	f	96722	155	1998-01-10
156	Rodd	Rabl	rrabl4b@elpais.com	118.81.221.133	1B-DD-AC-7E-31-51	Marketing	1	1	Brazil	0.50	t	52506	156	1991-11-27
157	Shayne	Yate	syate4c@qq.com	30.188.190.157	78-CC-C7-36-30-C2	Product Management	1	1	Canada	1.00	t	49464	157	1992-05-21
158	Hannie	Stanners	\N	145.62.171.132	D6-3A-C2-E3-40-D0	Human Resources	5	0	Mali	0.50	t	94428	158	1991-08-13
159	Latrena	Dmytryk	ldmytryk4e@noaa.gov	229.177.104.139	50-90-59-88-FB-27	Human Resources	4	0	Yemen	0.75	f	\N	159	2017-03-11
160	Georgi	Rosenthal	grosenthal4f@dot.gov	56.12.154.151	4B-E0-EA-26-1C-97	Support	1	0	Russia	1.00	f	71750	160	1992-10-28
161	Abbi	Geary	ageary4g@twitpic.com	61.168.139.7	C4-85-1A-5D-0A-BB	Engineering	8	0	China	0.50	t	35153	161	2005-02-08
162	Gerard	Tupling	gtupling4h@ucoz.ru	27.199.75.35	\N	Marketing	10	0	China	0.50	\N	72515	162	2001-11-12
163	Mandy	MacGiolla	\N	48.142.3.244	DF-27-E9-DE-71-2F	Accounting	2	0	Canada	0.75	t	79183	163	2011-09-06
164	Adore	Carnachen	\N	142.184.254.161	\N	Engineering	6	0	Mexico	1.00	\N	64682	164	1999-06-23
165	Ailene	Gauch	agauch4k@flickr.com	235.217.2.133	8F-8D-03-2C-7B-CA	Services	4	0	Malaysia	0.75	t	49423	165	2016-04-16
166	Cooper	Quarterman	cquarterman4l@google.com.hk	46.163.155.234	F1-83-F3-80-5C-A0	Accounting	9	0	Philippines	0.75	t	21908	166	1996-01-03
167	Jasen	Brookes	\N	63.140.82.159	D1-87-64-A1-19-B2	Legal	10	0	Mongolia	1.00	t	54574	167	2005-08-15
168	Lou	Shurmore	lshurmore4n@list-manage.com	205.31.71.154	01-B3-02-A4-F8-32	Business Development	10	0	Indonesia	0.75	t	24862	168	1994-09-25
169	Tiffanie	Ellissen	tellissen4o@digg.com	0.245.187.150	BE-F2-8A-5F-94-1B	Sales	7	0	Sweden	0.25	t	73032	169	2008-08-14
170	Lela	Gatenby	lgatenby4p@fda.gov	230.84.201.201	AD-9C-1C-48-BB-1E	Legal	3	0	Brazil	0.50	t	\N	170	1998-08-29
171	Leslie	Kelberman	lkelberman4q@dedecms.com	61.29.166.135	8D-6F-13-C0-2F-80	Legal	8	0	Cuba	1.00	t	48991	171	2004-08-22
172	Eugenie	Colborn	ecolborn4r@google.ca	7.143.108.253	AC-D2-3D-1A-3B-51	Research and Development	1	1	Japan	0.50	t	60002	172	2017-12-24
173	Celinda	Zisneros	czisneros4s@technorati.com	15.150.140.162	11-36-C7-58-6D-0A	Human Resources	5	1	China	1.00	t	31659	173	2001-07-20
174	Timotheus	Edgar	tedgar4t@dion.ne.jp	152.57.169.199	F9-A9-1D-ED-BE-38	Legal	7	\N	Belarus	0.25	t	50935	174	2004-01-21
175	Maurine	McIlheran	\N	155.150.123.192	AF-5B-FC-7E-8F-40	Services	10	0	Sweden	0.25	t	57728	175	\N
176	Orren	Orys	oorys4v@irs.gov	254.215.197.45	58-D1-60-4F-32-AC	Support	10	0	Russia	0.25	t	67233	176	1990-11-17
177	Audra	Milroy	\N	11.111.178.118	FD-54-AA-F0-17-94	Support	6	0	Cape Verde	1.00	f	57334	177	2012-08-21
178	Trixi	Pickvance	tpickvance4x@yahoo.co.jp	24.118.167.31	8B-AB-13-08-D1-39	Support	8	\N	Afghanistan	0.25	f	82880	178	2009-07-01
179	Desiree	Poxton	dpoxton4y@blog.com	158.28.187.30	E4-0C-AA-FC-04-5F	Product Management	10	0	Indonesia	1.00	f	59924	179	1999-05-18
180	Gerik	de Quesne	gdequesne4z@irs.gov	221.231.227.239	71-61-39-A0-F5-35	Legal	8	0	Russia	0.75	t	28503	180	1997-01-21
181	Barth	Dealey	\N	241.250.68.31	19-91-CD-4E-E8-C2	Business Development	2	0	Sweden	0.75	f	68794	181	2013-02-24
182	Noel	Spilsbury	nspilsbury51@hhs.gov	58.197.6.123	44-C8-F9-AE-FB-1D	Business Development	5	0	Indonesia	1.00	f	75571	182	2013-03-16
183	Tam	Sotworth	tsotworth52@tripadvisor.com	27.32.185.237	A9-04-E9-BC-F8-57	Sales	1	0	Cyprus	0.50	t	\N	183	2002-08-02
184	Levin	Pimley	lpimley53@ucoz.ru	201.20.86.251	48-80-12-AE-4D-11	Research and Development	6	0	China	0.50	t	53647	184	1996-03-23
185	Hymie	Segoe	hsegoe54@wired.com	116.83.84.27	5A-37-63-42-80-99	Business Development	2	0	China	0.25	t	77469	185	2014-07-21
186	Kass	Eede	keede55@linkedin.com	235.65.224.99	B7-80-90-6C-6B-87	Marketing	4	0	Kenya	0.75	f	71405	186	\N
187	Brande	Crump	bcrump56@domainmarket.com	47.187.209.62	1F-94-32-75-B8-D1	Marketing	3	0	Portugal	0.25	t	90751	187	2017-09-13
188	Lynette	Ferbrache	lferbrache57@virginia.edu	53.212.47.222	64-EB-1E-05-55-47	Support	5	1	Poland	0.50	t	72487	188	1994-12-06
189	Hartley	Zoane	hzoane58@stumbleupon.com	246.28.114.240	2F-21-D3-80-24-70	Engineering	9	0	Philippines	0.25	t	60929	189	1995-08-18
190	Danita	L'Hommeau	dlhommeau59@disqus.com	\N	82-29-D8-4E-A6-E0	Training	10	1	Brazil	0.50	t	72134	190	2014-05-24
191	Antonella	Arter	aarter5a@multiply.com	49.94.11.102	A4-FB-DB-24-80-F9	Services	3	0	Indonesia	1.00	t	48649	191	2006-11-30
192	Dehlia	Geertz	dgeertz5b@studiopress.com	7.14.144.5	6F-27-C7-D3-22-1C	Research and Development	10	0	Poland	1.00	f	20648	192	2017-01-25
193	Polly	Godard	pgodard5c@hubpages.com	111.119.11.129	97-07-4C-B2-4E-96	Support	7	0	Equatorial Guinea	1.00	t	50776	193	2015-10-12
194	Cole	Priter	cpriter5d@symantec.com	206.117.51.6	C6-AD-47-6E-F3-18	Sales	1	0	China	0.25	f	61666	194	2007-04-03
195	Violante	Keemer	vkeemer5e@nydailynews.com	43.208.122.115	76-2D-1C-66-62-AC	Accounting	6	0	China	0.25	t	54405	195	1991-11-25
196	Leah	Haliburton	lhaliburton5f@so-net.ne.jp	77.199.139.61	D4-EA-6A-C1-68-74	Services	7	0	China	1.00	t	\N	196	2014-10-08
197	Pennie	Sarfat	psarfat5g@mac.com	242.173.28.209	E2-1F-89-71-C7-59	Engineering	6	0	China	0.50	f	\N	197	2002-07-28
198	Marv	Robjents	mrobjents5h@eventbrite.com	245.119.109.146	F6-45-FD-E0-C4-14	Sales	9	0	Indonesia	0.25	t	49588	198	2013-11-25
199	Ricoriki	Given	rgiven5i@comcast.net	88.62.52.65	AF-FB-3D-99-8C-C0	Business Development	1	0	Bahamas	0.50	f	52060	199	\N
200	Katinka	Peffer	kpeffer5j@indiegogo.com	95.222.46.251	0D-5C-BC-24-57-66	Marketing	5	0	Russia	1.00	t	99565	200	1996-01-15
201	Pascal	Wickling	\N	151.144.224.36	FF-7C-13-4D-B5-F0	Engineering	3	1	Poland	0.25	t	\N	201	1990-03-20
202	Lorelei	Hellwing	lhellwing5l@reference.com	221.122.32.50	64-CE-35-F1-A2-26	Legal	7	0	Mauritius	1.00	t	80895	202	2019-03-05
203	Humberto	Antognoni	hantognoni5m@trellian.com	1.31.108.79	4A-FF-8C-B7-8C-12	Human Resources	4	0	Liberia	1.00	t	71323	203	2018-06-27
204	Eveline	Canton	\N	237.217.162.199	0A-7B-E6-97-A3-4C	Support	7	0	Hungary	0.75	t	20519	204	2007-05-24
205	Tammy	Gannicott	tgannicott5o@mapy.cz	27.40.135.87	38-F7-5B-7E-D8-B6	Training	8	0	Mexico	0.50	f	60880	205	2017-01-02
206	Ignatius	Compton	icompton5p@opera.com	29.232.234.189	\N	Legal	4	0	China	0.50	\N	24090	206	1998-06-07
207	Niels	Oades	noades5q@unblog.fr	92.134.165.97	FE-21-26-82-3D-95	Human Resources	10	0	China	0.75	t	72540	207	1992-12-25
208	Abigael	McArthur	amcarthur5r@china.com.cn	223.78.99.6	CC-C3-01-FF-0F-C2	Business Development	7	0	Greece	0.25	f	71116	208	2016-06-08
209	Al	Dymond	adymond5s@bloomberg.com	205.32.177.219	18-37-26-93-8B-BE	Sales	9	0	Brazil	1.00	t	92292	209	2017-03-13
210	Ky	Sola	ksola5t@purevolume.com	145.24.205.3	57-D6-67-B6-34-4C	Sales	2	0	Mongolia	1.00	f	72503	210	1996-11-12
211	Edeline	Fowkes	efowkes5u@cdbaby.com	76.94.178.2	76-EE-9C-4B-24-6A	Legal	3	0	Ukraine	0.50	f	47035	211	\N
212	Alanson	Saltern	\N	227.26.105.225	75-F2-0F-96-C2-03	Sales	5	0	Brazil	0.25	t	78825	212	2001-10-24
213	Terencio	Tawn	ttawn5w@paypal.com	76.123.178.238	93-90-F7-C1-97-AC	Services	1	\N	Nigeria	0.50	t	22911	213	2013-07-07
214	Eba	Blacklock	eblacklock5x@cbsnews.com	180.123.226.237	45-72-EE-FB-97-54	Sales	4	0	Egypt	1.00	f	58895	214	2008-06-22
215	Nappy	Braunstein	nbraunstein5y@photobucket.com	253.231.196.59	7B-23-9C-B0-FC-9C	Marketing	4	1	Russia	0.25	t	48917	215	1998-06-02
216	Prisca	Bosward	pbosward5z@wufoo.com	9.240.182.151	00-E0-56-9B-B9-6E	Support	4	0	China	1.00	t	37966	216	\N
217	Melony	Ord	mord60@admin.ch	200.39.20.27	22-E7-04-8C-EA-25	Business Development	10	0	Ghana	0.25	t	80936	217	2012-08-11
218	Florri	Reedie	freedie61@hubpages.com	244.239.80.242	F9-A0-23-05-78-AE	Training	2	0	Brazil	1.00	t	58816	218	2003-04-16
219	Silvester	Dignam	sdignam62@tinyurl.com	13.167.252.70	\N	Human Resources	2	0	Brazil	0.25	\N	57062	219	2011-12-16
220	Lorie	Nerger	lnerger63@google.com.hk	179.176.168.121	D4-9A-C0-12-4A-79	Research and Development	7	0	Sweden	0.50	f	29706	220	2011-07-31
221	Bathsheba	Deshon	\N	98.244.59.207	CA-61-5A-81-69-82	Marketing	4	1	China	1.00	t	39204	221	2011-03-14
222	Agnella	Eyton	aeyton65@hud.gov	155.42.133.237	40-F9-07-35-26-EF	Legal	1	0	Philippines	1.00	t	85745	222	2008-05-04
223	Emmalee	Elam	\N	140.198.232.77	20-F0-F3-89-92-C3	Services	10	0	Indonesia	0.25	t	96543	223	1990-11-22
224	Angelo	Havoc	ahavoc67@github.io	141.202.139.168	2A-89-11-E0-6B-9B	Training	3	1	Bolivia	1.00	f	56118	224	2006-11-10
225	Jefferey	McGerraghty	jmcgerraghty68@blinklist.com	95.146.212.40	5A-F9-32-24-4D-F2	Services	6	0	New Caledonia	1.00	t	58137	225	2004-11-20
226	Didi	Kisby	dkisby69@digg.com	244.221.12.212	7C-0D-97-85-42-13	Training	7	0	Argentina	0.50	f	41256	226	2011-07-20
227	Mellicent	Base	mbase6a@wired.com	45.179.175.154	53-B7-62-AB-E6-DB	Engineering	10	0	Costa Rica	0.50	f	69182	227	1991-10-31
228	Regine	Roj	rroj6b@sciencedirect.com	146.198.178.244	A4-64-82-F4-0E-3A	Human Resources	8	0	Colombia	0.50	t	64078	228	2014-01-05
229	Hally	Mollett	hmollett6c@jiathis.com	124.214.13.119	96-4A-C4-93-A5-08	Research and Development	3	0	Brazil	0.25	t	\N	229	2001-10-06
230	Kayle	O'Fogarty	kofogarty6d@joomla.org	46.195.49.72	\N	Support	1	0	South Africa	1.00	\N	40551	230	1990-07-22
231	Mel	Souness	msouness6e@mozilla.org	205.196.190.233	EC-1A-C2-A5-55-2D	Research and Development	4	1	Ethiopia	0.25	t	27567	231	\N
232	Cleopatra	Ginnell	cginnell6f@dedecms.com	21.77.44.126	DE-27-C1-27-16-34	Accounting	7	0	Mauritius	1.00	t	37034	232	1996-08-29
233	Estele	Aronovitz	earonovitz6g@abc.net.au	212.28.210.187	B7-B8-F7-08-1E-FB	Legal	6	0	China	0.25	t	72143	233	2009-08-24
234	Ardys	Meatcher	ameatcher6h@earthlink.net	120.90.49.63	19-8A-AB-8F-D6-5C	Engineering	1	\N	China	0.75	f	99300	234	2000-09-15
235	Phoebe	Castenda	pcastenda6i@virginia.edu	198.19.169.159	12-46-9E-09-BA-59	Sales	2	1	Russia	1.00	t	29535	235	\N
236	Mace	Shilliday	mshilliday6j@geocities.com	188.231.177.81	F8-BA-15-AB-1A-C1	Engineering	3	0	China	0.50	t	\N	236	2014-08-13
237	Madelene	Eddisford	meddisford6k@harvard.edu	120.93.170.59	6D-F6-10-1A-8D-68	Support	6	0	Colombia	0.25	t	88713	237	2006-08-11
238	Ellery	Haggas	ehaggas6l@phpbb.com	99.68.202.130	06-B6-FB-87-A8-CB	Research and Development	9	0	Russia	0.50	f	37715	238	2014-11-11
239	Annalise	Caron	acaron6m@cam.ac.uk	65.82.106.165	FD-73-90-B0-66-35	Training	1	0	China	0.50	t	25705	239	2005-04-10
240	Tim	Willowby	\N	118.145.113.226	ED-69-84-7F-09-E7	Support	10	0	Philippines	0.50	f	48735	240	1993-03-20
241	Ivette	Galvan	igalvan6o@mashable.com	\N	BE-0F-7F-97-34-34	Legal	10	1	United States	0.75	t	96226	241	2005-07-07
242	Cally	Dochon	cdochon6p@taobao.com	174.188.140.0	3A-8E-AD-6E-37-2C	Engineering	3	0	Japan	0.75	t	22720	242	2018-05-05
243	Forester	Teresse	fteresse6q@ebay.com	250.102.241.228	DA-85-2B-88-4F-37	Accounting	5	0	Japan	1.00	t	31424	243	2017-09-21
244	Norina	Trosdall	ntrosdall6r@ezinearticles.com	154.187.130.145	C9-EA-9F-E1-CB-9C	Business Development	9	0	Serbia	0.75	t	60067	244	2006-04-26
245	Stillman	Brislen	sbrislen6s@infoseek.co.jp	208.130.107.239	E7-EB-6F-D1-4C-E7	Human Resources	8	\N	Indonesia	0.50	t	40647	245	2012-03-03
246	Kelly	Guirau	kguirau6t@topsy.com	121.138.60.138	97-2C-7D-64-EB-02	Sales	4	0	Argentina	1.00	f	80074	246	2011-11-11
247	Merrily	Totton	mtotton6u@nhs.uk	247.131.158.140	31-6C-2A-75-27-99	Engineering	1	0	Egypt	0.75	t	85044	247	2008-03-04
248	Tabbie	Karpmann	\N	183.84.186.142	F4-F5-24-D5-C5-A8	Accounting	2	0	Kazakhstan	0.25	f	98325	248	2009-02-19
249	Carole	Crewe	ccrewe6w@fc2.com	176.175.95.111	C6-5E-85-C6-4E-D0	Sales	8	0	Peru	0.75	f	\N	249	1997-01-29
250	Dacy	Lintall	dlintall6x@arizona.edu	145.26.133.124	05-AC-B0-F0-57-9A	Support	5	0	Palestinian Territory	0.50	f	28834	250	\N
251	Butch	Bleakman	bbleakman6y@examiner.com	178.46.74.194	ED-0C-1A-D6-77-1B	Training	4	0	Brazil	0.25	f	25229	251	2006-08-26
252	Halsy	Youde	hyoude6z@infoseek.co.jp	233.175.66.19	1C-BF-93-A0-3B-E5	Training	3	0	Indonesia	0.75	f	60737	252	1992-07-23
253	Zoe	Hews	zhews70@marketwatch.com	31.167.72.83	DE-67-55-66-9A-97	Marketing	1	0	China	0.75	t	47529	253	1990-06-05
254	Abba	Crabtree	acrabtree71@t-online.de	164.238.86.164	67-39-93-57-81-1A	Marketing	6	\N	Russia	0.75	f	35792	254	2009-12-03
255	Jackquelin	Straine	jstraine72@rediff.com	111.58.175.0	10-7A-F8-AF-CC-20	Services	2	0	Russia	0.25	f	68645	255	1998-05-28
256	Suzann	Basil	sbasil73@illinois.edu	7.33.199.119	5F-AD-98-07-01-D6	Sales	9	0	Poland	0.75	f	53513	256	2005-12-03
257	Vance	Ratlee	vratlee74@webmd.com	57.20.105.255	C5-F7-D8-FB-D2-79	Human Resources	7	0	Afghanistan	0.75	f	89578	257	1996-07-14
258	Clerkclaude	Scholefield	cscholefield75@simplemachines.org	50.85.41.9	76-1E-0A-D1-E2-A1	Research and Development	9	1	Russia	1.00	t	63802	258	2017-01-13
259	Lilyan	Laundon	\N	219.225.242.17	20-D1-74-E9-FF-D4	Training	8	1	Canada	0.25	t	67091	259	2016-10-14
260	Francine	Brobak	fbrobak77@google.it	253.58.43.191	64-05-5D-AA-4C-59	Marketing	9	0	Albania	1.00	f	94357	260	2006-12-13
261	Aubrey	Tonks	\N	182.98.179.165	3C-4A-77-6E-29-B4	Research and Development	4	1	Indonesia	0.50	t	64729	261	2003-09-29
262	Burg	Caveau	bcaveau79@cnn.com	103.18.183.114	A5-F9-3A-7D-2F-93	Product Management	1	0	Madagascar	0.50	f	41860	262	2012-12-01
263	Lurlene	Rodger	lrodger7a@auda.org.au	234.33.3.33	26-83-BB-AA-4F-A9	Engineering	5	0	Indonesia	1.00	f	33041	263	1993-07-09
264	Miguel	Maciunas	mmaciunas7b@ibm.com	173.198.80.59	F1-7A-97-06-B5-4E	Marketing	9	1	South Africa	1.00	f	79538	264	1999-05-23
265	Ruben	Galvin	rgalvin7c@dyndns.org	122.59.235.197	FE-B2-5D-6A-81-82	Business Development	1	0	France	0.75	f	63687	265	2003-10-31
266	Olly	Dulanty	odulanty7d@dyndns.org	178.224.186.176	0B-38-76-D8-39-B7	Marketing	5	0	Poland	0.50	t	88577	266	2015-06-16
267	Bernarr	Nolan	bnolan7e@ameblo.jp	199.75.127.186	DB-7E-C8-B2-11-8C	Business Development	6	0	Poland	0.50	f	80665	267	2015-01-24
268	Karry	Lay	klay7f@tinypic.com	196.138.244.17	2E-DE-64-E5-EF-4A	Services	10	0	China	0.50	t	30402	268	2017-05-27
269	Sutherland	Peachey	speachey7g@nature.com	13.235.119.207	9D-BA-BF-09-62-93	Support	1	1	Thailand	1.00	t	81381	269	1995-12-05
270	Griff	Ridder	gridder7h@flickr.com	85.77.71.94	B1-40-63-67-14-B0	Services	2	0	Mexico	0.75	f	98524	270	2006-10-07
271	Andris	Atlay	aatlay7i@moonfruit.com	119.54.242.183	ED-8A-1F-08-0A-4D	Engineering	3	0	Canada	0.50	f	97486	271	1995-07-13
272	Karlan	Lamport	klamport7j@google.com.hk	\N	80-19-59-00-F5-4C	Legal	8	1	China	0.25	t	37772	272	2015-01-25
273	Gwynne	Robertot	grobertot7k@latimes.com	180.249.153.111	B6-87-4D-C3-D0-3D	Business Development	9	0	Russia	0.75	f	\N	273	1990-04-06
274	Phillie	Bomfield	pbomfield7l@gmpg.org	61.203.249.20	E8-CB-37-AF-FE-6F	Marketing	2	0	Indonesia	0.50	t	62450	274	1999-12-18
275	Persis	Cosans	pcosans7m@upenn.edu	125.124.31.82	C2-86-EA-70-D4-F8	Human Resources	10	0	China	0.25	t	90843	275	2001-03-31
276	Solly	Wenman	swenman7n@tinypic.com	176.112.107.47	1A-27-B9-9E-DF-F0	Training	9	\N	Indonesia	1.00	f	43665	276	2004-10-07
277	Corrine	Andreaccio	\N	107.162.182.198	AD-25-4F-39-D1-19	Legal	8	1	Czech Republic	0.50	t	67984	277	2008-11-21
278	Dawn	Walkinshaw	dwalkinshaw7p@admin.ch	177.160.183.42	9F-FF-81-AE-13-FC	Engineering	3	1	Ireland	0.75	f	38383	278	\N
279	Brandise	Argabrite	bargabrite7q@redcross.org	76.122.190.171	0A-27-D3-CE-5C-E4	Engineering	2	0	Indonesia	0.25	t	59412	279	2007-05-16
280	Livvie	Sneezem	lsneezem7r@wiley.com	219.201.166.125	9A-7B-E3-DF-99-6A	Sales	10	0	Russia	0.75	t	27925	280	1997-05-24
281	Yvette	Benn	ybenn7s@tinyurl.com	84.122.87.2	\N	Engineering	3	0	Portugal	0.25	\N	36820	281	2004-10-05
282	Hermann	Drinkeld	hdrinkeld7t@howstuffworks.com	78.252.126.218	1D-C9-68-51-F9-44	Services	3	0	Indonesia	0.75	f	\N	282	2012-07-02
283	Franky	Willgoose	fwillgoose7u@furl.net	210.117.220.129	1E-F4-D3-6B-30-1D	Sales	7	0	China	0.50	t	37350	283	2001-05-22
284	Sinclare	Purdon	spurdon7v@cbslocal.com	69.47.125.94	26-CB-55-8F-67-8C	Product Management	4	0	China	0.50	f	58684	284	1997-11-07
285	Hollie	Dauncey	hdauncey7w@infoseek.co.jp	152.237.245.70	C4-7C-99-3F-41-4F	Services	3	0	Czech Republic	1.00	f	73616	285	2007-12-21
286	Lavina	Norker	lnorker7x@sohu.com	201.218.254.64	1D-00-26-9C-9D-92	Product Management	4	1	Portugal	0.50	f	57825	286	2011-10-13
287	\N	Tideswell	ltideswell7y@indiatimes.com	104.187.169.164	\N	Engineering	10	0	Argentina	1.00	\N	64346	287	2001-07-08
288	Amanda	Duffitt	aduffitt7z@shutterfly.com	62.83.159.119	B8-06-43-A1-EF-ED	Sales	2	1	Egypt	0.75	t	60894	288	1997-01-13
289	Shae	Phillis	sphillis80@ibm.com	61.118.111.77	2B-F5-DF-3D-D5-31	Legal	6	0	Indonesia	0.25	t	63550	289	2005-03-29
290	Conan	Damerell	cdamerell81@va.gov	252.139.157.203	21-38-0A-D9-4D-7B	Support	4	1	United Kingdom	0.50	f	40497	290	2017-08-20
291	Benoit	Reisenstein	breisenstein82@dropbox.com	75.127.205.94	EC-B1-9C-1B-9E-1D	Sales	6	0	Finland	0.50	t	\N	291	2009-10-10
292	Marylee	Pitcock	\N	63.76.78.162	A8-2B-E8-CF-8C-47	Research and Development	3	0	France	0.25	f	\N	292	1995-07-09
293	Ellerey	Monelli	emonelli84@mac.com	137.242.79.125	36-BD-F2-7E-31-BF	Research and Development	5	0	Nigeria	1.00	f	66249	293	1997-07-19
294	Alfons	Barriball	abarriball85@last.fm	215.106.176.215	9C-F2-0B-89-B3-9E	Sales	4	0	Jamaica	0.25	f	26333	294	1999-07-05
295	Consuelo	Needham	cneedham86@bbc.co.uk	\N	AB-AD-68-49-C2-F2	Training	7	0	France	0.25	f	84665	295	1998-05-11
296	Lucais	Kenshole	lkenshole87@forbes.com	7.227.214.54	8E-45-06-84-6C-28	Business Development	3	0	Argentina	0.25	f	50684	296	2009-05-05
297	\N	Deathridge	\N	\N	E5-7E-68-48-37-BF	Sales	2	0	China	0.75	t	90176	297	1991-02-18
298	Lanita	Gubbins	\N	230.166.102.113	33-3C-4F-BA-EC-4A	Product Management	1	0	Portugal	0.75	f	61338	298	1996-07-18
299	Trude	Chastan	tchastan8a@bizjournals.com	220.24.90.73	D1-64-B0-19-1E-64	Accounting	7	0	Armenia	0.50	f	68041	299	1990-09-12
300	Kirbee	Szymonowicz	kszymonowicz8b@tamu.edu	108.34.185.193	63-7D-3B-0C-EF-74	Marketing	5	0	Armenia	0.25	f	37259	300	2019-01-16
301	Morey	Dobie	mdobie8c@npr.org	91.78.188.193	A4-DA-8B-2A-AF-E9	Support	3	0	Indonesia	1.00	f	63651	301	2014-10-01
302	Garrot	Akitt	gakitt8d@cpanel.net	59.167.61.212	2B-AE-CE-B4-D4-8E	Research and Development	7	0	China	0.75	f	59564	302	2005-07-10
303	Babbette	Brach	bbrach8e@163.com	163.244.168.243	20-49-FF-61-97-01	Business Development	7	1	Greece	0.25	f	48739	303	\N
304	Hedy	Yegorev	hyegorev8f@usnews.com	86.62.186.104	F8-37-23-1A-C3-63	Marketing	7	1	Czech Republic	0.25	f	43093	304	2013-04-07
305	Tish	Tregale	ttregale8g@google.com.au	18.246.86.141	79-60-45-CD-21-79	Human Resources	1	0	Democratic Republic of the Congo	0.50	t	49491	305	2007-07-09
306	Ahmad	Ferby	aferby8h@cdc.gov	128.84.250.168	10-E1-21-41-5E-64	Human Resources	8	0	Indonesia	0.75	t	37561	306	2004-06-29
307	Nappie	Gazey	ngazey8i@geocities.com	202.251.186.158	5B-09-04-30-9C-E9	Support	10	0	Madagascar	0.75	f	96815	307	2003-08-31
308	Redford	Dominico	rdominico8j@google.co.uk	121.106.52.136	1F-C4-DE-30-CE-D9	Engineering	6	0	France	0.50	f	86320	308	2015-03-07
309	Constance	Arguile	carguile8k@g.co	197.116.252.57	94-ED-95-77-CE-F1	Training	6	0	Sweden	0.50	t	98223	309	2001-10-23
310	Elysha	Queyeiro	equeyeiro8l@mit.edu	75.55.71.195	90-1E-7E-8B-08-41	Human Resources	7	0	Brazil	1.00	f	23937	310	2011-07-13
311	Honoria	Dolphin	hdolphin8m@intel.com	229.231.143.120	89-EE-C0-DD-93-9D	Business Development	7	0	Indonesia	0.75	f	42180	311	1991-03-01
312	\N	Radmore	lradmore8n@51.la	196.238.202.24	\N	Product Management	10	0	Russia	0.50	\N	26388	312	1997-07-26
313	Maryjane	Reynalds	mreynalds8o@hatena.ne.jp	150.169.120.76	A6-44-FC-FF-ED-1A	Training	1	0	Indonesia	0.50	t	63299	313	2001-01-10
314	Glyn	Anfosso	ganfosso8p@deliciousdays.com	\N	E1-65-7E-F4-D5-2D	Services	10	1	Poland	0.25	f	82367	314	2005-10-12
315	See	Humbles	shumbles8q@paginegialle.it	221.124.88.65	A9-25-D7-24-57-9D	Services	9	0	Panama	1.00	t	\N	315	2008-09-18
316	Blinni	Chieco	\N	253.236.234.195	99-0C-6E-E2-F1-3A	Legal	8	0	Poland	0.25	f	20772	316	2017-04-14
317	Gwendolin	Bustard	gbustard8s@columbia.edu	54.238.167.11	7E-9E-43-89-3B-E5	Accounting	9	0	Poland	1.00	t	84700	317	1996-08-14
318	Rockey	Martinson	rmartinson8t@amazon.co.uk	187.125.51.243	08-3F-5B-DF-7E-66	Marketing	7	0	Portugal	0.25	f	25459	318	2009-11-08
319	Tyrus	Lotterington	tlotterington8u@google.de	87.158.139.103	BF-2C-FA-48-9B-71	Research and Development	2	0	Canada	1.00	f	94036	319	1999-01-09
320	Teri	Harman	tharman8v@yolasite.com	105.116.131.214	71-5A-61-48-AE-B3	Support	6	1	Bangladesh	0.75	f	64048	320	2006-07-24
321	Sapphira	Betjes	sbetjes8w@jimdo.com	242.163.43.68	03-1A-44-B2-68-04	Legal	3	0	France	1.00	t	32487	321	2002-01-14
322	Hamlen	Bretton	hbretton8x@seesaa.net	1.251.37.53	BE-9E-6D-71-67-70	Support	6	0	United States	0.75	f	90415	322	2018-04-24
323	Coralyn	Savin	csavin8y@dion.ne.jp	179.247.38.226	7D-EB-1D-B2-29-A8	Human Resources	4	0	Japan	0.50	f	79618	323	2009-06-30
324	Celka	Hammerberg	chammerberg8z@github.io	104.91.227.111	9A-87-01-3A-1C-E5	Marketing	2	1	China	1.00	t	52226	324	2000-01-20
325	Caitlin	Bredee	cbredee90@tripadvisor.com	133.175.157.50	EA-50-0D-9A-6D-59	Human Resources	2	0	China	0.50	t	27758	325	2019-01-27
326	Hervey	Gritsunov	hgritsunov91@wisc.edu	120.144.44.212	A4-7D-FF-9C-BC-F7	Research and Development	10	0	China	1.00	t	28084	326	1997-01-26
327	\N	Honnicott	\N	121.48.101.19	6E-62-53-F8-44-AB	Marketing	8	0	France	0.25	f	83938	327	2008-04-19
328	Vladamir	Selwyne	vselwyne93@tamu.edu	71.156.154.116	4A-BC-3C-0D-81-14	Sales	8	1	China	0.25	t	71580	328	1997-10-17
329	Terza	O'Malley	tomalley94@intel.com	66.5.200.21	FB-05-6E-2A-79-D5	Research and Development	7	0	Portugal	1.00	f	60343	329	1993-03-09
330	Kent	Stansbury	kstansbury95@reverbnation.com	1.169.191.160	E3-88-60-5C-E6-87	Business Development	10	1	Mali	0.75	t	27390	330	1997-10-08
331	Harry	Satyford	hsatyford96@seattletimes.com	62.61.159.89	9B-86-E9-18-60-42	Training	5	0	Democratic Republic of the Congo	0.25	t	78327	331	\N
332	Darb	Fogel	dfogel97@clickbank.net	39.115.197.70	D7-96-B8-60-2E-CB	Human Resources	6	0	Poland	0.50	f	77766	332	2011-12-23
333	Ray	Galvan	rgalvan98@sphinn.com	198.65.44.53	19-4B-75-79-F8-88	Business Development	3	1	Russia	0.50	f	21932	333	2001-01-24
334	Sayres	Pollicatt	spollicatt99@photobucket.com	182.34.139.151	1D-AB-81-40-D9-0B	Research and Development	2	0	Peru	0.75	f	41538	334	2002-06-16
335	Ida	Limeburn	\N	72.20.53.210	79-A3-E4-7D-94-30	Legal	4	0	Albania	0.25	f	59084	335	2008-05-20
336	Lissie	Pragnell	lpragnell9b@ihg.com	156.141.23.27	A5-39-A2-7B-EF-BA	Accounting	8	0	China	0.75	t	70966	336	2018-03-25
337	Daisey	Lunny	dlunny9c@msu.edu	60.158.127.71	A3-47-15-85-1B-BB	Marketing	1	0	Indonesia	0.75	t	74019	337	2002-03-30
338	Rudie	Carbert	rcarbert9d@engadget.com	28.45.137.0	AA-F8-0C-39-36-EF	Sales	1	1	Colombia	1.00	t	\N	338	2004-08-27
339	Fernanda	Tort	ftort9e@hatena.ne.jp	88.180.136.2	53-E2-C5-60-EC-AE	Research and Development	10	0	China	0.75	f	95918	339	2018-07-18
340	Bentlee	Toy	btoy9f@economist.com	126.187.166.78	EF-D4-09-7E-9F-43	Engineering	1	1	Afghanistan	1.00	f	40355	340	2001-10-18
341	Salem	Ryrie	sryrie9g@gnu.org	59.123.161.91	9B-64-F9-10-56-D9	Product Management	10	0	United States	0.75	t	50195	341	2003-05-09
342	Noach	Vasyukhnov	nvasyukhnov9h@bloglovin.com	249.127.52.237	45-DA-0F-70-B3-7E	Accounting	9	0	Bosnia and Herzegovina	0.75	f	36170	342	\N
343	Shirlene	Cicchelli	scicchelli9i@va.gov	113.181.71.159	13-1E-92-76-CE-0D	Legal	9	0	Israel	1.00	f	43300	343	2014-08-12
344	Ofella	Donan	odonan9j@so-net.ne.jp	44.24.225.9	06-3A-E2-3C-B7-C5	Sales	2	0	Indonesia	0.50	t	54655	344	1996-06-11
345	Raimund	Maharry	rmaharry9k@businessweek.com	236.201.57.139	19-A0-8C-38-50-4B	Training	10	0	Poland	0.25	t	52634	345	2002-03-16
346	Aluin	Cherry	acherry9l@free.fr	108.216.153.169	D6-4C-58-75-93-43	Sales	7	1	China	0.50	t	62909	346	2002-02-02
347	Ike	Hindshaw	ihindshaw9m@webmd.com	105.62.186.245	31-9D-21-37-4F-6E	Business Development	10	0	France	0.50	t	50981	347	2008-03-10
348	Dannie	Gimbart	dgimbart9n@shareasale.com	239.98.117.45	89-7C-1F-0B-07-A4	Human Resources	5	0	Japan	0.25	f	51785	348	2008-03-02
349	Magdalen	Fewings	mfewings9o@fema.gov	34.61.53.100	BD-8E-6A-9B-19-82	Business Development	2	1	China	1.00	f	55172	349	\N
350	Almeda	Tale	atale9p@sfgate.com	24.89.243.163	C1-32-39-5D-68-0F	Human Resources	4	0	China	0.25	f	85088	350	1993-08-23
351	Bree	Chasle	bchasle9q@examiner.com	141.196.53.200	FB-80-0C-BD-E9-98	Engineering	3	0	Indonesia	1.00	f	81220	351	2013-11-26
352	Anastasie	De Gowe	adegowe9r@ucsd.edu	108.9.76.82	64-99-89-39-F8-22	Sales	7	1	China	0.75	f	20532	352	2009-11-29
353	Sigismondo	Skipworth	\N	128.143.191.72	D3-CD-33-D8-A5-EF	Product Management	1	0	China	0.25	t	\N	353	2001-02-08
354	\N	Ricardet	pricardet9t@wikia.com	161.37.220.200	40-B8-F1-DC-0C-11	Research and Development	10	0	Bosnia and Herzegovina	0.25	f	\N	354	1992-11-06
355	Rudie	Laybourn	rlaybourn9u@columbia.edu	98.168.201.45	C9-F5-53-2B-B5-EA	Product Management	2	0	France	0.50	f	31760	355	1998-12-01
356	Winny	Crilley	wcrilley9v@blogspot.com	144.25.171.12	42-1C-73-F2-38-10	Services	7	1	Germany	0.25	f	96827	356	2013-01-04
357	Theresita	Roughey	troughey9w@unc.edu	57.78.128.30	B2-AA-64-88-D0-EF	Product Management	10	0	Portugal	0.50	t	47279	357	1996-03-23
358	Davide	Chadd	\N	228.72.161.163	04-23-41-41-DE-8F	Legal	10	1	China	0.75	t	30324	358	\N
359	Mellisent	Verzey	mverzey9y@wordpress.org	21.178.155.161	\N	Legal	10	0	New Zealand	0.75	\N	96369	359	2000-01-08
360	Farrel	Clethro	fclethro9z@nba.com	23.250.133.236	\N	Marketing	9	0	Zambia	0.75	\N	77397	360	2013-05-15
361	Poul	Pankhurst.	ppankhursta0@tmall.com	45.35.29.66	10-2C-95-45-E8-3E	Legal	10	0	Brazil	0.75	f	21945	361	2006-07-26
362	Goddard	Maseres	gmaseresa1@salon.com	131.116.156.231	34-5D-FE-39-A0-AF	Marketing	1	0	Poland	0.50	f	21979	362	2017-07-15
363	Peggi	Laneham	planehama2@shop-pro.jp	226.187.65.13	72-10-77-F0-25-88	Engineering	5	0	Brazil	0.25	f	63204	363	2008-10-08
364	Amory	Eslie	aesliea3@instagram.com	208.184.50.76	00-F3-F9-DD-F2-E7	Business Development	8	0	Ivory Coast	0.25	t	81719	364	2017-04-10
365	Catha	Jore	cjorea4@usnews.com	252.50.17.73	D1-4A-EC-AF-AE-C6	Services	8	1	Russia	0.50	f	55763	365	2014-07-16
366	Florenza	Smieton	fsmietona5@un.org	29.215.240.220	7E-0A-0D-46-D3-BD	Product Management	3	0	Peru	0.75	f	26403	366	1995-08-21
367	Noelani	Gass	ngassa6@vk.com	156.112.233.232	13-46-4C-C1-9D-B3	Research and Development	4	0	China	0.75	f	32916	367	1990-03-19
368	Cecil	Reucastle	creucastlea7@last.fm	235.34.70.93	\N	Sales	3	0	United States	0.75	\N	72010	368	2004-12-15
369	Ignace	Ainslie	iainsliea8@dailymail.co.uk	153.231.154.156	B5-FC-4C-42-F2-B8	Marketing	2	0	Indonesia	0.25	t	59330	369	2017-08-22
370	Efrem	Manifould	emanifoulda9@vkontakte.ru	127.89.248.6	BE-44-5B-72-FD-AB	Legal	1	0	Japan	0.25	t	53829	370	1990-06-07
371	Cyndie	Jeaycock	cjeaycockaa@sciencedaily.com	252.29.13.195	30-7D-6A-E1-E8-D5	Human Resources	1	0	Philippines	0.25	t	87674	371	2016-02-06
372	Bank	Grotty	bgrottyab@yandex.ru	253.196.169.120	71-2E-AC-76-A7-2B	Business Development	8	0	Portugal	0.75	f	38890	372	2004-09-26
373	Kaine	Meckiff	kmeckiffac@yandex.ru	201.196.209.99	2F-4F-D6-72-23-97	Services	2	0	Thailand	0.50	t	90946	373	2012-09-18
374	Lanita	Stocken	lstockenad@google.ru	169.60.21.240	1E-41-B2-CD-6E-B9	Product Management	4	1	Palestinian Territory	0.25	t	44113	374	2012-10-14
375	Essy	Josham	ejoshamae@ebay.com	106.4.89.183	EA-13-A2-95-A2-41	Legal	4	\N	Canada	0.75	t	\N	375	2001-06-19
376	Maurizia	Impy	mimpyaf@php.net	47.109.80.1	87-40-E3-AC-06-FB	Business Development	7	1	China	0.25	t	99451	376	1994-04-24
377	Reid	Suter	rsuterag@stanford.edu	86.90.227.58	B9-01-AB-B0-84-FD	Business Development	5	0	Vietnam	1.00	f	94987	377	2011-11-26
378	Sloan	Cutmare	\N	19.109.238.44	8A-18-D7-B0-BC-09	Legal	3	0	China	0.50	f	86033	378	2018-08-29
379	Gusti	Bampford	gbampfordai@slideshare.net	131.202.14.61	2C-40-EC-05-3D-5C	Marketing	6	0	Canada	1.00	t	52479	379	1992-07-20
380	\N	Ivanishin	rivanishinaj@state.gov	187.141.43.159	1D-4E-26-71-E3-AF	Training	10	0	Armenia	0.25	f	\N	380	2005-08-29
381	Melisenda	Brunelleschi	mbrunelleschiak@lycos.com	201.11.130.104	15-C0-B4-63-36-62	Training	4	0	Martinique	0.50	f	39913	381	\N
382	Arthur	Momford	amomfordal@slideshare.net	175.42.15.17	83-7C-72-DD-4A-AE	Human Resources	5	0	United States	1.00	t	37261	382	2002-08-06
383	\N	Haney`	lhaneyam@biglobe.ne.jp	\N	8E-D8-C9-D3-08-C2	Accounting	4	0	Czech Republic	0.50	t	78196	383	1993-09-24
384	Riley	Petchell	rpetchellan@php.net	232.228.98.213	31-5C-F8-EE-B1-E4	Human Resources	5	1	Japan	0.50	f	30112	384	2004-01-22
385	Catlin	Tommasuzzi	ctommasuzziao@histats.com	10.159.161.233	E0-8F-8A-C6-98-BE	Services	10	0	Philippines	1.00	f	88046	385	2004-09-25
386	Mackenzie	Poynser	mpoynserap@businesswire.com	5.218.118.1	7C-E5-2E-D7-0A-20	Sales	8	0	Micronesia	1.00	t	74350	386	2018-05-11
387	Collie	Muckley	cmuckleyaq@netscape.com	9.206.13.227	3D-51-22-A2-92-24	Support	2	1	Canada	0.25	f	39514	387	1991-02-07
388	Carry	Yardy	cyardyar@home.pl	157.122.119.144	E1-0A-51-DC-3E-49	Product Management	2	0	Russia	1.00	t	74493	388	\N
389	Beltran	Hillborne	\N	98.250.210.39	42-97-B0-DF-69-F0	Human Resources	8	0	Brazil	0.25	t	74856	389	1998-04-19
390	Nancy	Stockin	nstockinat@artisteer.com	112.71.224.45	9A-BE-98-47-6B-25	Sales	4	0	Russia	0.75	f	61537	390	2008-02-15
391	Jilli	Ashbee	jashbeeau@amazon.com	118.46.204.235	CF-06-00-2B-11-FC	Engineering	1	0	Cameroon	1.00	f	42848	391	2012-09-05
392	Adrien	Joy	ajoyav@hibu.com	0.39.14.230	3D-9B-30-A0-E2-74	Business Development	6	0	Canada	1.00	f	46947	392	2006-06-18
393	Elmer	Felce	efelceaw@dion.ne.jp	2.237.20.177	B9-E2-F9-F9-68-4B	Human Resources	5	1	Bulgaria	0.25	f	73026	393	2015-03-04
394	Fernando	Augustin	\N	89.81.248.47	7E-D6-F4-25-82-F8	Training	5	1	Philippines	0.75	f	24325	394	1993-05-10
395	Dagmar	Ciani	dcianiay@skype.com	186.71.48.130	A9-91-17-AE-EF-D0	Training	9	0	Philippines	0.50	t	98494	395	2002-02-27
396	Hugh	Read	hreadaz@yahoo.com	174.16.227.110	64-7A-E9-58-E1-87	Accounting	2	0	Russia	0.50	t	65410	396	1992-06-05
397	Maxine	Pettipher	mpettipherb0@abc.net.au	95.12.134.178	C7-34-6C-8E-C6-B2	Services	1	0	Indonesia	0.75	t	56077	397	2002-09-11
398	Adelbert	Featherbie	\N	76.7.206.252	87-AC-20-25-68-DA	Training	9	0	Morocco	0.75	t	35737	398	2009-02-18
399	Dorey	Hupe	dhupeb2@yahoo.co.jp	94.34.159.175	\N	Training	9	0	China	0.50	\N	70101	399	\N
400	Gris	Senn	gsennb3@dailymotion.com	102.115.179.43	\N	Sales	10	0	Ukraine	0.50	\N	83493	400	2002-01-31
401	Lee	Hancill	\N	36.22.162.79	\N	Legal	6	0	Indonesia	0.50	\N	33997	401	2016-07-01
402	Issy	Cundy	icundyb5@bigcartel.com	54.216.41.243	4B-D1-39-B2-22-8E	Training	6	0	Ivory Coast	0.25	t	32142	402	2004-05-24
403	Heinrick	Gallie	hgallieb6@tinyurl.com	113.229.214.94	34-B1-6B-D1-B4-62	Product Management	8	0	Italy	0.50	t	94375	403	2006-02-04
404	Bryn	Philot	bphilotb7@home.pl	\N	D6-A5-BA-0E-B3-22	Product Management	4	0	Canada	1.00	t	58512	404	1994-10-04
405	Gwenette	Maton	\N	29.73.52.255	\N	Legal	10	1	Sweden	0.50	\N	33683	405	2002-05-14
406	Willi	Barkhouse	wbarkhouseb9@wunderground.com	163.104.88.241	2C-D0-45-60-37-59	Support	6	0	Russia	1.00	t	59314	406	\N
407	Amaleta	Bowyer	abowyerba@nature.com	176.120.103.255	6D-CF-79-65-46-02	Business Development	10	1	Indonesia	0.25	f	93354	407	2008-09-08
408	Weylin	Rother	wrotherbb@go.com	130.37.166.230	01-04-D1-46-B4-98	Business Development	6	0	Greece	0.25	f	58385	408	1996-12-02
409	Garrik	Strodder	gstrodderbc@bluehost.com	12.109.195.110	E2-BB-F6-47-C6-5E	Marketing	4	0	Argentina	0.25	f	88600	409	1997-02-27
410	Tamqrah	Flude	tfludebd@google.co.jp	252.208.174.178	FD-07-76-09-47-A5	Research and Development	1	0	Nepal	0.50	t	\N	410	\N
411	Wayland	Titford	wtitfordbe@weibo.com	165.105.223.181	03-8B-0B-D8-1E-7D	Engineering	7	0	Philippines	1.00	f	77017	411	1996-03-14
412	Wynn	Tellenbrook	wtellenbrookbf@economist.com	158.200.86.125	08-65-F1-48-20-D2	Product Management	1	1	Peru	1.00	f	50002	412	1990-11-24
413	Sheeree	Iacovides	siacovidesbg@godaddy.com	127.226.47.79	64-23-AE-28-D7-4F	Training	1	0	Poland	1.00	t	26415	413	1997-09-13
414	Boot	Lyons	blyonsbh@aol.com	115.62.193.77	E6-6F-02-0C-4F-9F	Research and Development	9	0	Philippines	0.75	t	75474	414	\N
415	Angus	Abels	aabelsbi@nytimes.com	\N	5B-5C-02-A5-FD-49	Business Development	2	0	Tanzania	1.00	t	62239	415	2008-05-26
416	Mic	Upjohn	\N	5.186.11.79	58-D8-F0-98-47-DA	Product Management	6	0	Luxembourg	0.50	f	59098	416	1995-02-25
417	Debor	Pendre	dpendrebk@answers.com	70.124.175.65	1B-51-59-B3-92-6A	Marketing	4	1	China	1.00	f	29061	417	1996-12-10
418	Harper	Mosdall	hmosdallbl@ibm.com	226.175.98.82	68-71-97-9A-3A-BB	Engineering	2	0	France	0.50	f	51055	418	2000-10-16
419	Fayre	Aukland	fauklandbm@vimeo.com	87.239.239.54	1D-AF-E3-EB-09-8A	Sales	2	0	Russia	0.75	t	43776	419	1999-10-05
420	Milli	Bricknall	mbricknallbn@github.io	82.189.153.56	01-F7-C0-5E-57-27	Legal	8	0	Indonesia	0.50	t	56643	420	1997-07-31
421	Boonie	Raccio	bracciobo@t-online.de	95.189.107.148	2B-AC-84-EA-17-40	Business Development	6	0	El Salvador	0.25	f	34918	421	2006-05-10
422	Halette	Dufer	hduferbp@usatoday.com	77.160.49.206	C6-7F-5F-C1-9A-5E	Support	3	0	China	0.75	t	55886	422	2008-02-29
423	Gretta	Zealey	\N	140.236.239.131	A6-09-F7-29-2D-46	Training	7	0	Yemen	0.25	t	\N	423	2017-08-15
424	Saxe	Bunten	sbuntenbr@ow.ly	8.141.52.4	67-C0-42-A9-AC-59	Business Development	1	0	Yemen	0.75	f	\N	424	\N
425	Hoebart	Giffkins	hgiffkinsbs@list-manage.com	99.135.31.97	8E-D5-78-40-02-5B	Engineering	9	0	Togo	0.75	t	49180	425	2017-01-02
426	Mahmoud	Desouza	mdesouzabt@scientificamerican.com	159.75.50.75	B4-98-8C-9D-E9-A9	Business Development	1	0	France	0.25	t	89270	426	1992-05-20
427	Cody	Brimson	cbrimsonbu@go.com	225.170.41.215	EC-04-73-1E-68-15	Marketing	8	0	Portugal	1.00	f	95812	427	2011-09-13
428	Winnie	Karpe	wkarpebv@google.nl	\N	60-4F-C6-F9-DE-FB	Accounting	9	0	Brazil	0.50	f	38664	428	2008-02-16
429	Immanuel	Robottham	irobotthambw@state.tx.us	55.222.233.0	76-FC-D6-07-2F-29	Engineering	3	1	Serbia	1.00	f	74285	429	1997-08-22
430	Rhody	McTiernan	rmctiernanbx@usatoday.com	114.186.252.132	4B-0E-62-11-41-5C	Research and Development	2	1	China	0.25	f	\N	430	2016-12-20
431	Lanae	Aust	laustby@mashable.com	53.104.121.33	1C-A0-E2-20-8C-0D	Research and Development	4	1	Uzbekistan	0.75	f	39958	431	2007-02-21
432	Nerty	Goymer	ngoymerbz@washingtonpost.com	40.99.205.113	45-53-28-F3-EB-71	Research and Development	2	0	Japan	0.75	t	29927	432	2010-05-12
433	Chrystal	Hebson	chebsonc0@taobao.com	46.11.113.64	C8-36-DA-01-D6-71	Legal	6	0	Macedonia	0.75	f	73380	433	1992-06-05
434	Sax	Zmitrichenko	szmitrichenkoc1@slate.com	198.16.208.191	B3-2D-E6-57-B7-5E	Legal	7	0	Ukraine	0.50	t	46928	434	2002-08-20
435	Wainwright	Vacher	wvacherc2@pagesperso-orange.fr	233.240.209.123	E6-7C-E9-82-4C-3F	Support	8	0	Indonesia	0.50	t	22097	435	2013-01-12
436	Irvin	Jorck	ijorckc3@rambler.ru	97.73.234.88	7F-83-67-1B-68-B9	Services	10	0	China	0.50	t	31040	436	2014-07-27
437	Sascha	Cartlidge	scartlidgec4@dion.ne.jp	92.17.43.70	0B-E7-1B-6D-A7-BB	Research and Development	8	0	Philippines	0.75	t	57836	437	2007-03-19
438	Lesley	Luggar	lluggarc5@youtu.be	\N	52-65-0A-69-44-DF	Services	2	0	China	0.50	t	28805	438	2006-03-26
439	Carolynn	Aikman	caikmanc6@meetup.com	232.187.152.161	E0-D9-93-04-7E-AB	Sales	10	0	Indonesia	1.00	t	86609	439	2003-08-12
440	Nanette	Buie	nbuiec7@netscape.com	21.185.197.182	FD-05-B3-3A-13-63	Engineering	7	0	Japan	0.25	t	97750	440	2009-06-15
441	James	Boissieux	\N	133.1.218.254	BB-C0-35-62-84-79	Sales	4	0	Portugal	0.75	t	22973	441	2004-01-04
442	Janenna	Cockarill	jcockarillc9@people.com.cn	80.246.129.221	6E-87-44-D1-7A-90	Support	2	0	Israel	1.00	t	75538	442	2004-09-19
443	Aeriela	Blaycock	ablaycockca@huffingtonpost.com	235.142.211.107	1D-3A-18-29-79-FC	Sales	6	0	Peru	1.00	t	64899	443	2019-04-24
444	Jade	MacPadene	jmacpadenecb@nbcnews.com	15.246.195.51	EC-87-6E-7D-AB-14	Sales	8	1	Portugal	0.25	f	25895	444	1996-06-17
445	Melamie	Mulhall	mmulhallcc@diigo.com	103.10.232.246	BB-68-2C-4A-38-95	Research and Development	9	0	Indonesia	0.50	t	53498	445	2012-02-01
446	Bruis	Rathe	brathecd@jiathis.com	177.74.225.232	1B-07-44-43-A9-1E	Human Resources	7	0	Philippines	0.25	f	33021	446	2005-04-27
447	Matthieu	Lohde	mlohdece@statcounter.com	39.180.66.156	E7-15-31-36-07-7B	Human Resources	9	0	Philippines	1.00	t	\N	447	2004-06-07
448	Gwyneth	Ragbourne	gragbournecf@hubpages.com	66.242.78.163	A9-9B-E3-18-96-40	Support	1	0	Iran	0.25	t	55540	448	2003-06-08
449	Coriss	Hagstone	chagstonecg@vistaprint.com	2.248.187.168	EF-92-BF-72-61-D4	Engineering	4	0	Armenia	0.75	t	48140	449	2002-05-15
450	Leif	Gavrieli	lgavrielich@bbc.co.uk	142.214.240.233	EA-18-C0-DC-1E-8D	Accounting	9	1	China	0.75	f	32853	450	2010-11-19
451	Cam	Tidey	ctideyci@nature.com	129.14.213.122	07-39-26-6C-BB-30	Legal	4	0	Indonesia	0.75	f	73398	451	\N
452	Jo-ann	Lovel	jlovelcj@goo.ne.jp	11.126.230.198	12-20-0A-3F-01-49	Engineering	4	0	China	0.25	t	56842	452	1996-02-09
453	Julio	Varian	jvarianck@creativecommons.org	197.116.237.154	E7-87-59-93-4C-8E	Product Management	5	0	France	0.75	f	73861	453	2013-05-03
454	Diane-marie	Harness	dharnesscl@spiegel.de	151.248.227.44	73-9B-9E-A4-11-82	Product Management	9	0	China	0.50	t	62228	454	2007-09-09
455	Ellissa	Twigge	etwiggecm@latimes.com	212.65.57.59	11-28-10-A2-86-75	Product Management	8	0	Bosnia and Herzegovina	1.00	f	74525	455	2013-09-12
456	Tasia	Robardey	\N	202.91.19.99	AB-40-2D-65-9C-69	Engineering	7	0	Philippines	0.50	t	\N	456	2002-11-20
457	Lanny	Matzl	lmatzlco@apple.com	174.87.47.183	D4-4C-78-7C-CB-8C	Support	5	0	Sweden	0.25	t	22478	457	2016-02-16
458	\N	Service	cservicecp@webeden.co.uk	44.73.37.143	2A-14-0D-20-53-A3	Accounting	4	1	Brazil	0.50	t	70921	458	2017-10-01
459	Torrence	Garrick	\N	11.167.104.4	B7-F7-B6-4E-D3-DA	Sales	4	1	Philippines	0.25	t	65368	459	1990-06-07
460	Jesselyn	Peyzer	jpeyzercr@topsy.com	59.210.194.202	73-7F-AF-CF-E9-68	Services	4	0	Syria	0.25	t	73933	460	2019-04-04
461	Dalt	Hugland	dhuglandcs@va.gov	218.243.1.193	93-B2-9D-3E-59-66	Sales	9	0	South Africa	1.00	f	77402	461	1999-03-31
462	Esther	McGlew	emcglewct@ftc.gov	145.243.35.195	E5-EE-F3-A6-45-EF	Training	1	0	China	1.00	f	34385	462	1991-04-06
463	Dwain	le Keux	dlekeuxcu@cnbc.com	204.190.66.226	6D-C3-95-07-40-88	Research and Development	6	0	France	0.25	f	57896	463	2004-05-12
464	Luther	Mosley	\N	149.143.186.178	D7-EC-2A-E2-37-89	Support	10	0	Ethiopia	0.75	t	55035	464	2005-08-30
465	Paloma	Aldersea	\N	24.47.7.182	10-36-A8-61-84-C5	Legal	8	0	Peru	1.00	t	91788	465	1993-02-09
466	Karoly	Sparling	ksparlingcx@ibm.com	152.161.74.108	BB-C5-B3-B0-12-EA	Human Resources	3	1	Colombia	1.00	f	93612	466	2010-10-11
467	Correy	Frizell	cfrizellcy@google.com.hk	88.182.3.28	E9-F2-F9-75-D8-A4	Support	9	0	Poland	0.75	f	58783	467	2000-06-17
468	Edvard	Nawton	enawtoncz@bandcamp.com	16.13.136.161	66-D9-1E-0C-1F-92	Services	5	0	China	0.50	f	39889	468	2013-10-16
469	Leyla	Pratte	lpratted0@t.co	92.4.140.192	B3-24-D3-F0-55-69	Accounting	10	0	Armenia	0.50	f	78483	469	2004-09-26
470	Dale	Borthe	dborthed1@va.gov	86.224.216.66	9B-38-11-BC-9B-BB	Human Resources	1	0	Thailand	1.00	t	50005	470	2009-06-20
471	Addia	Cairney	acairneyd2@jigsy.com	68.146.121.106	6B-46-45-24-33-EE	Sales	4	0	Malaysia	0.75	t	83447	471	2010-05-29
472	Toma	Hindenburg	thindenburgd3@amazon.de	72.186.209.221	6F-97-0E-D5-7C-8D	Research and Development	10	0	Greece	1.00	t	29649	472	2005-01-13
473	Venus	Hatherley	vhatherleyd4@xinhuanet.com	243.21.213.45	F5-0C-12-64-B6-3D	Training	1	0	Russia	0.75	t	27905	473	\N
474	Lynelle	Vasovic	lvasovicd5@msu.edu	94.69.218.60	11-13-D7-D2-D6-2A	Accounting	5	0	Philippines	0.75	f	37635	474	2001-04-06
475	Tony	Maycey	tmayceyd6@ca.gov	140.243.120.253	B2-D9-E0-3D-B5-B9	Research and Development	2	0	China	0.75	t	74449	475	1997-10-04
476	Claudelle	Millom	cmillomd7@weibo.com	248.151.177.236	78-0D-06-2B-6E-11	Services	2	1	Armenia	0.75	t	83423	476	2009-07-13
477	Kimble	Crock	kcrockd8@dell.com	134.53.215.60	49-E9-59-56-1E-F5	Training	5	0	Portugal	1.00	t	58037	477	2000-05-13
478	Filmer	Duignan	fduignand9@slate.com	175.12.42.108	96-A7-10-B5-40-D5	Human Resources	1	0	China	0.25	f	67698	478	2016-03-14
479	George	Pentercost	gpentercostda@thetimes.co.uk	191.199.92.47	\N	Human Resources	9	0	Laos	1.00	\N	68976	479	1999-06-12
480	Carmencita	Janks	cjanksdb@deliciousdays.com	43.141.215.26	CE-5D-53-25-4D-C6	Legal	1	0	Albania	0.25	f	26677	480	2014-04-28
481	Randolph	Meffen	rmeffendc@buzzfeed.com	176.75.79.53	B9-B7-CB-BA-BA-6A	Services	2	0	East Timor	1.00	t	79126	481	2012-01-06
482	Bayard	Wark	bwarkdd@360.cn	72.55.204.114	2E-7F-27-93-95-43	Product Management	7	0	Palestinian Territory	1.00	f	\N	482	1992-09-19
483	Remus	Maciaszek	rmaciaszekde@census.gov	125.185.245.87	8A-E1-F4-87-8F-71	Services	4	0	South Korea	1.00	f	54153	483	2009-12-28
484	\N	Braim	ebraimdf@webnode.com	204.70.155.178	0A-42-59-47-0E-3E	Legal	3	0	Japan	0.25	t	98324	484	2000-08-09
485	Stoddard	Janikowski	\N	80.103.0.120	13-BA-F9-1E-A0-3F	Human Resources	8	0	Indonesia	0.75	f	78925	485	2004-09-13
486	Estell	Whenman	ewhenmandh@miibeian.gov.cn	26.46.95.74	EA-D2-21-5B-07-3D	Product Management	4	0	Poland	1.00	f	53205	486	2002-05-24
487	Ced	Ateggart	categgartdi@domainmarket.com	178.88.71.232	60-68-47-65-7D-C4	Support	9	0	Portugal	0.75	t	35608	487	1994-06-22
488	Laurene	Fellow	lfellowdj@uol.com.br	47.241.24.144	7D-BC-00-B6-0C-5D	Engineering	9	1	Sweden	0.25	f	58995	488	2000-07-29
489	Correy	Sleeny	csleenydk@drupal.org	62.7.238.172	D0-8E-33-6C-28-CE	Support	6	0	Serbia	0.75	f	30851	489	1997-10-12
490	Coreen	Piell	cpielldl@hao123.com	247.135.146.254	A1-44-F6-4F-F2-EA	Business Development	10	0	Indonesia	0.75	f	61619	490	2003-08-20
491	Ilsa	Ungaretti	iungarettidm@freewebs.com	164.50.76.85	1F-A6-3A-7D-18-69	Marketing	3	1	Syria	0.50	t	84824	491	2004-10-24
492	Jerry	Tole	jtoledn@usa.gov	135.134.241.55	E1-2F-1E-05-97-18	Engineering	2	0	Mexico	0.75	t	90667	492	1996-01-18
493	Madeline	Patullo	mpatullodo@bing.com	23.208.151.83	AC-FF-DB-D0-50-E5	Engineering	5	0	China	0.25	t	\N	493	1997-12-17
494	Hall	Fetterplace	hfetterplacedp@huffingtonpost.com	67.24.167.248	80-B8-6D-15-CD-2A	Business Development	3	0	Nicaragua	0.75	f	32754	494	\N
495	Kara-lynn	Acklands	kacklandsdq@cornell.edu	248.25.173.76	0D-3A-E0-37-E1-66	Services	5	0	France	0.75	t	76317	495	1997-04-17
496	Viv	Stanluck	vstanluckdr@infoseek.co.jp	234.164.29.121	9A-D9-41-A4-9E-E9	Training	2	0	Argentina	0.50	t	92153	496	2008-03-07
497	Missy	Le Breton De La Vieuville	mlebretondelavieuvilleds@buzzfeed.com	231.228.93.1	7A-96-04-CE-DE-5D	Legal	9	0	Kazakhstan	0.25	f	34228	497	2006-07-05
498	Creighton	Aldine	caldinedt@ucoz.com	102.5.161.136	93-DF-A7-08-FA-26	Human Resources	5	0	Portugal	1.00	t	86641	498	1995-12-07
499	Dov	Dinan	ddinandu@youtu.be	229.137.36.206	37-A3-8C-D1-6C-EC	Human Resources	10	1	China	0.75	t	39974	499	2003-02-24
500	Karalynn	Burwood	\N	165.5.42.229	44-EE-B9-DF-C4-48	Engineering	7	0	Poland	0.25	t	\N	500	1998-10-09
501	Alvie	Lehrer	\N	164.57.78.200	D7-A1-C4-0D-EA-CD	Research and Development	10	0	Brazil	0.75	f	23341	501	2016-02-24
502	Edmund	Heskey	eheskeydx@w3.org	249.161.141.77	B4-82-C5-B7-D4-EA	Product Management	7	0	China	0.75	f	25235	502	2014-09-23
503	Twyla	Twiddell	ttwiddelldy@sciencedirect.com	132.196.251.226	5C-8F-0D-7C-1A-70	Research and Development	5	0	China	0.50	f	61705	503	2004-01-03
504	Dunn	O'Donnell	dodonnelldz@wunderground.com	207.90.142.46	76-71-94-44-5E-9B	Marketing	10	0	Ireland	1.00	f	90362	504	2013-05-17
505	Shalom	Oldaker	soldakere0@icio.us	87.225.183.51	72-41-9B-57-8A-9D	Research and Development	8	0	Indonesia	0.75	t	72012	505	\N
506	Gardener	Greggersen	ggreggersene1@indiegogo.com	200.74.149.136	AD-C3-A4-96-6C-D1	Human Resources	10	0	Costa Rica	1.00	f	20297	506	2007-11-01
507	Antonio	Kermott	akermotte2@slideshare.net	113.91.247.199	63-42-5F-B6-DA-06	Marketing	7	1	Indonesia	0.50	f	71806	507	2014-03-05
508	Antone	Slocum	aslocume3@engadget.com	122.69.142.13	8A-4E-60-B0-5C-0B	Sales	3	0	South Africa	1.00	t	48590	508	2015-05-29
509	Ludovico	Pridden	lpriddene4@lulu.com	188.82.202.233	0A-2D-3F-4E-FA-AD	Accounting	10	1	Sudan	0.25	t	88772	509	2007-04-07
510	Justen	Giovannini	jgiovanninie5@taobao.com	129.181.148.111	FC-42-9A-24-6E-CD	Services	8	0	Iran	0.50	t	83024	510	2005-07-29
511	Britni	Buttel	bbuttele6@netlog.com	158.58.188.200	98-EE-EA-29-25-0D	Support	8	0	Panama	0.50	t	38858	511	2001-03-23
512	Jena	Solloway	jsollowaye7@huffingtonpost.com	159.125.107.219	F4-E8-88-82-BA-AE	Marketing	5	1	Morocco	0.50	f	54055	512	2003-08-26
513	Alexandra	Mardell	amardelle8@europa.eu	173.64.211.151	DA-D1-1C-F2-8D-21	Engineering	2	1	Brazil	0.25	f	\N	513	2002-10-15
514	Merola	Budnk	mbudnke9@un.org	\N	EE-28-3B-4A-55-DF	Sales	5	0	Russia	0.75	f	31946	514	\N
515	Dulcinea	Van der Krui	dvanderkruiea@rambler.ru	100.190.154.45	0C-B4-B7-52-7E-E5	Product Management	7	0	Russia	1.00	t	54272	515	\N
516	Maighdiln	Ohrt	mohrteb@photobucket.com	68.21.137.38	CC-FC-3B-47-B2-9B	Accounting	5	0	East Timor	0.25	t	51129	516	2012-01-12
517	Meaghan	Boyat	mboyatec@google.ca	137.230.186.199	F1-C4-26-25-54-29	Business Development	9	0	Malaysia	0.25	t	54707	517	2006-07-07
518	Salvatore	Inglesfield	singlesfielded@a8.net	138.116.235.21	A9-BF-AC-F3-81-8C	Sales	7	0	Ivory Coast	0.25	t	57662	518	2004-02-18
519	Vilma	Deverose	vdeveroseee@pcworld.com	14.146.162.152	4D-6D-A4-3C-34-EC	Services	4	0	Gambia	1.00	f	75338	519	2016-03-05
520	Marcie	Esseby	\N	\N	51-B4-FB-98-D2-D3	Services	10	0	Philippines	0.25	t	55901	520	2010-12-07
521	Stacee	Leaburn	sleaburneg@netlog.com	187.249.53.93	45-61-A6-67-03-00	Support	8	0	Nicaragua	0.25	t	37070	521	2012-06-29
522	Rolfe	Camus	rcamuseh@businessinsider.com	121.59.117.134	91-9A-19-7A-BC-22	Product Management	9	0	Sweden	0.25	t	54480	522	1990-08-30
523	Clary	Slowcock	\N	\N	A8-6B-25-64-45-D8	Accounting	9	1	Canada	0.50	t	90715	523	2000-06-12
524	Marcille	Groneway	mgronewayej@ca.gov	122.248.184.251	98-18-92-84-4A-62	Services	6	0	Greece	0.25	f	88037	524	1994-02-15
525	Tito	Dalziell	tdalziellek@tuttocitta.it	63.167.100.172	F5-0C-64-86-3D-24	Human Resources	6	0	China	1.00	t	80222	525	2013-11-22
526	Spence	Swalteridge	sswalteridgeel@archive.org	35.54.21.100	\N	Services	7	0	Japan	1.00	\N	66444	526	1997-04-29
527	Kally	Guido	kguidoem@nyu.edu	158.219.83.206	FA-31-9E-4B-5A-20	Training	3	0	Colombia	0.75	t	\N	527	1991-08-04
528	Booth	Clee	bcleeen@free.fr	7.227.105.239	0B-66-C6-3E-97-26	Legal	4	0	Philippines	0.75	t	38129	528	2001-02-27
529	Emelita	Glaisner	eglaisnereo@blog.com	32.213.146.123	74-6F-35-EF-41-4D	Product Management	6	0	Poland	0.75	t	87219	529	2000-10-30
530	Gavan	Dislee	gdisleeep@google.pl	247.117.65.119	99-14-C0-49-16-C2	Sales	6	0	France	1.00	f	76881	530	2017-08-11
531	Janenna	Shemelt	jshemelteq@examiner.com	161.163.28.104	FD-A0-C7-7F-9E-A0	Sales	8	0	French Polynesia	0.50	t	57248	531	\N
532	Jeromy	Lewry	jlewryer@omniture.com	214.44.71.59	FE-E5-B6-A9-76-44	Engineering	9	0	Poland	0.25	f	57125	532	1991-04-02
533	Anthe	Pineaux	apineauxes@tinypic.com	155.156.153.212	B4-1A-4B-E0-60-34	Accounting	6	0	France	0.75	t	33048	533	1992-11-24
534	Dixie	Beresford	\N	20.164.189.180	26-A8-62-DD-66-AF	Research and Development	1	0	Indonesia	1.00	t	69727	534	2000-06-04
535	Cullen	Ribey	cribeyeu@engadget.com	78.160.141.134	96-A2-92-8C-1C-20	Business Development	9	0	China	0.50	t	65142	535	2006-10-08
536	Angelita	Nowick	anowickev@ucsd.edu	230.103.211.115	C0-BF-6B-06-CE-DB	Business Development	7	0	Dominican Republic	1.00	t	62326	536	2002-01-30
537	Rebekah	Boydle	rboydleew@irs.gov	228.252.21.210	54-3D-F7-45-5D-80	Sales	1	0	Jamaica	0.75	f	52781	537	2016-06-19
538	Ellery	Marven	emarvenex@cbc.ca	223.226.57.52	73-6B-76-AE-CC-66	Support	5	1	Ukraine	0.50	t	\N	538	1995-06-27
539	Kary	Parlet	kparletey@salon.com	10.11.242.193	55-FB-F3-3F-4E-BE	Sales	4	0	China	0.25	f	70291	539	2012-02-02
540	Hoyt	La Vigne	hlavigneez@mail.ru	50.191.129.208	EC-E6-75-50-C8-17	Research and Development	6	1	Madagascar	0.75	t	93087	540	2005-07-15
541	Armand	Bentsen	abentsenf0@si.edu	204.47.93.43	75-FA-B2-AD-6F-C5	Product Management	4	0	Belgium	1.00	f	42375	541	2012-09-03
542	Dulcie	Swindells	\N	249.105.7.73	00-94-19-21-68-BE	Engineering	1	0	Israel	0.75	t	50014	542	1997-03-25
543	Renaud	Deme	rdemef2@seesaa.net	251.163.34.45	AC-2F-51-2B-85-B5	Legal	4	0	Indonesia	1.00	t	70407	543	2019-04-15
544	Nikolai	Axelbee	naxelbeef3@harvard.edu	13.51.10.202	\N	Accounting	10	0	Philippines	0.50	\N	40495	544	2004-06-22
545	Caty	Symes	csymesf4@utexas.edu	90.96.157.235	\N	Legal	3	0	Indonesia	0.50	\N	93568	545	2007-01-06
546	Rey	Kenzie	rkenzief5@chicagotribune.com	64.56.82.195	D3-20-2A-EB-02-47	Marketing	4	0	China	0.50	f	93467	546	2012-12-04
547	Hobart	Deignan	hdeignanf6@infoseek.co.jp	185.205.77.83	A3-7A-93-B9-BB-A8	Support	7	0	France	0.50	t	98338	547	1996-12-25
548	Jemimah	Gottelier	\N	156.159.107.226	3C-81-F2-4E-A7-4E	Research and Development	1	0	Czech Republic	1.00	t	98554	548	1996-11-23
549	Valaria	Matteoni	vmatteonif8@nymag.com	112.67.105.96	9E-73-4F-E5-A7-50	Sales	6	0	North Korea	0.50	t	65016	549	2018-05-07
550	Petronilla	Barham	pbarhamf9@reddit.com	131.15.150.250	60-B7-19-2C-2F-AB	Accounting	7	0	Malaysia	0.50	f	88199	550	2016-03-17
551	Bartholomeo	Loy	bloyfa@g.co	245.168.71.6	B4-D1-FA-F6-20-9F	Training	1	1	Colombia	0.25	f	84915	551	\N
552	Elmo	Lowrey	elowreyfb@clickbank.net	60.55.142.206	\N	Legal	5	0	Indonesia	0.75	\N	64547	552	2013-09-17
553	Kylie	Fuzzey	kfuzzeyfc@newsvine.com	175.26.14.129	17-6F-1A-D9-C2-CF	Sales	4	0	Indonesia	0.75	t	69455	553	2013-06-14
554	Lenna	Buttress	lbuttressfd@princeton.edu	137.79.161.77	4D-0D-E7-EF-1C-04	Research and Development	7	0	Indonesia	0.75	f	77756	554	2011-03-06
555	Gabi	Klimko	gklimkofe@archive.org	178.2.4.0	29-4B-D9-7C-CD-CF	Support	7	0	Mexico	0.50	f	93381	555	\N
556	Ashleigh	Kull	akullff@uiuc.edu	208.24.157.159	34-34-09-D9-E7-2B	Services	10	0	Spain	0.25	t	56789	556	1992-01-29
557	Josefa	Brizell	jbrizellfg@go.com	189.21.205.223	DB-31-90-8C-66-F2	Human Resources	4	1	Russia	0.25	t	53391	557	2015-07-04
558	Desiri	Devorill	ddevorillfh@weibo.com	215.170.174.213	FB-02-65-22-59-50	Marketing	2	1	China	0.25	f	94726	558	2005-09-30
559	Tabatha	Blague	tblaguefi@china.com.cn	117.234.10.63	C8-CA-33-73-C1-2C	Services	6	0	Indonesia	0.75	f	29370	559	2010-04-05
560	Iver	Greening	\N	96.112.233.26	C7-FF-09-9B-C8-E8	Human Resources	7	1	Faroe Islands	0.75	t	52805	560	1991-12-16
561	Warner	McDuffy	wmcduffyfk@msn.com	162.101.143.159	68-40-21-8F-D7-48	Training	1	0	China	1.00	t	82881	561	2014-11-18
562	Dori	Bastiman	dbastimanfl@angelfire.com	130.4.4.191	FE-F1-E1-64-B0-62	Support	4	0	Thailand	0.50	t	26280	562	2006-12-02
563	Ahmed	Vergine	averginefm@bravesites.com	149.14.109.225	\N	Human Resources	3	0	Bangladesh	1.00	\N	20227	563	2013-10-24
564	Edi	Crayton	ecraytonfn@nationalgeographic.com	216.75.219.24	03-9A-35-F8-1E-8F	Services	4	0	Bhutan	0.75	t	35744	564	2018-06-29
565	Bell	Riolfi	briolfifo@sciencedirect.com	23.57.196.121	5B-51-F1-0C-4C-C3	Sales	7	1	Macedonia	1.00	f	29450	565	2013-12-12
566	Roz	Haffenden	rhaffendenfp@theatlantic.com	193.23.148.144	\N	Accounting	10	0	Indonesia	0.75	\N	64367	566	2007-05-22
567	Lyndsey	Gullis	lgullisfq@elpais.com	2.247.137.189	AF-A6-CD-60-E0-C9	Accounting	5	1	Japan	0.25	t	57852	567	2008-01-22
568	Luella	Prevost	lprevostfr@google.com.hk	\N	F2-21-A0-C2-50-B4	Support	1	0	Pakistan	1.00	t	\N	568	1996-08-21
569	Drusy	Raiston	draistonfs@alibaba.com	252.36.110.16	C7-90-62-EC-9B-B3	Engineering	1	0	China	0.50	f	68935	569	2012-10-23
570	Xenia	Windrus	\N	237.168.188.179	72-72-3B-9A-23-04	Business Development	6	0	Russia	0.50	t	38910	570	1992-01-20
571	Tony	Smorthit	tsmorthitfu@youku.com	46.111.187.36	F9-30-C0-78-76-1D	Product Management	1	0	Netherlands	0.25	t	28740	571	1991-08-10
572	Inessa	Winckles	iwincklesfv@eventbrite.com	175.199.76.126	23-BA-BD-5E-6F-CC	Support	9	0	Qatar	1.00	t	32488	572	2018-04-02
573	Niven	Eddow	neddowfw@seesaa.net	32.251.170.91	9E-59-79-E5-18-F9	Services	9	0	Poland	1.00	f	35256	573	2000-03-11
574	Upton	Padley	upadleyfx@apache.org	226.52.86.46	80-D5-B1-19-37-16	Support	5	0	China	0.75	t	93343	574	2012-08-12
575	D'arcy	Green	dgreenfy@weather.com	227.194.160.251	4B-B8-36-33-BD-59	Marketing	4	0	Brazil	1.00	t	24184	575	2014-08-17
576	Norris	Bastin	nbastinfz@angelfire.com	126.174.129.245	37-74-32-B0-DB-AE	Research and Development	6	0	Philippines	1.00	t	\N	576	2011-01-22
577	Misti	McAlindon	mmcalindong0@mapy.cz	228.210.12.216	5F-A6-9A-57-8B-FB	Business Development	9	0	China	0.50	t	\N	577	2008-03-28
578	Elvyn	Buckerfield	\N	120.168.161.200	E3-8D-43-0F-8C-74	Legal	4	1	Brazil	1.00	t	63450	578	2011-03-15
579	Thaddeus	Croan	tcroang2@paypal.com	106.113.28.57	81-C8-46-80-AE-24	Human Resources	5	0	Serbia	0.25	t	61720	579	2001-03-09
580	Rochette	Scarlan	rscarlang3@illinois.edu	61.118.80.135	41-F1-66-6E-EF-86	Support	9	1	China	0.75	t	51576	580	1992-07-11
581	Celene	Acreman	cacremang4@yahoo.co.jp	110.84.9.142	67-23-70-C6-C1-25	Human Resources	9	0	France	1.00	f	70562	581	2004-10-30
582	Hadleigh	Toomey	htoomeyg5@geocities.com	255.191.27.1	FD-D0-BF-58-D4-46	Research and Development	6	0	Mexico	1.00	t	\N	582	2015-08-17
583	Caspar	Blaschke	\N	172.50.136.60	02-D4-34-D3-AF-A3	Engineering	3	0	Indonesia	0.75	f	57926	583	2001-05-27
584	Batholomew	Rossborough	\N	6.163.140.83	29-46-36-25-4B-E9	Product Management	7	0	China	0.25	t	\N	584	2015-10-20
585	Lisabeth	Grason	lgrasong8@networkadvertising.org	158.168.87.231	13-DB-6B-21-BA-BB	Human Resources	3	0	Argentina	1.00	f	81355	585	2002-09-04
586	Linet	Nockells	lnockellsg9@freewebs.com	183.16.25.32	06-FE-04-F3-6B-4F	Engineering	2	0	Poland	0.25	f	33423	586	1993-03-17
587	Kaye	MacDowal	kmacdowalga@google.com.br	218.187.242.112	D2-7F-23-45-4E-76	Accounting	8	0	China	0.25	f	54654	587	2015-07-03
588	Mireielle	Walklot	mwalklotgb@independent.co.uk	72.238.65.68	F4-A8-F3-CE-72-7D	Human Resources	2	1	Poland	0.50	f	59466	588	2010-11-12
589	Florenza	Pettingill	fpettingillgc@howstuffworks.com	48.180.115.237	C3-44-76-98-42-FA	Research and Development	8	0	Comoros	0.25	t	24966	589	2007-01-21
590	Jennee	Wadie	jwadiegd@dropbox.com	130.96.164.175	10-1D-CA-79-21-DF	Support	3	0	Peru	1.00	t	98435	590	1994-11-18
591	Reginauld	Glew	rglewge@webnode.com	47.50.67.223	\N	Business Development	1	0	Brazil	0.75	\N	83661	591	2003-01-26
592	Nancey	Archbold	narchboldgf@ftc.gov	\N	04-D3-9E-49-7A-50	Product Management	3	0	Philippines	0.50	f	32273	592	2017-05-07
593	Lilias	Hicks	lhicksgg@weibo.com	0.227.70.33	1A-F7-87-14-5E-C0	Product Management	8	0	Kazakhstan	1.00	f	33340	593	1996-07-28
594	Beatriz	Hoppner	bhoppnergh@mediafire.com	213.97.42.135	04-AD-F2-BF-2A-28	Sales	7	0	Peru	0.75	f	89225	594	1995-12-23
595	Rurik	Leamy	\N	208.66.70.12	F4-45-31-9C-B3-A3	Legal	5	0	Czech Republic	0.75	f	25022	595	2017-07-23
596	Asa	Poytress	apoytressgj@wp.com	69.134.102.61	F3-45-0F-41-42-89	Research and Development	9	0	Japan	0.50	t	24843	596	2002-05-12
597	Carson	Dureden	cduredengk@pagesperso-orange.fr	4.146.38.221	BF-B0-AF-E8-0F-2D	Marketing	4	0	Russia	1.00	f	40979	597	2018-07-28
598	Kiel	Casella	kcasellagl@nbcnews.com	238.182.16.227	74-7B-3D-51-B2-22	Support	2	0	China	0.50	f	60179	598	2009-09-25
599	Leelah	Eagell	leagellgm@ed.gov	157.149.228.154	8C-A4-CA-31-7E-18	Engineering	4	0	Japan	1.00	t	23556	599	2004-07-16
600	Zabrina	Veale	zvealegn@squidoo.com	4.241.81.34	00-36-7B-05-60-34	Marketing	8	0	Palestinian Territory	0.50	f	39659	600	1994-12-05
601	Kyrstin	Patty	kpattygo@yolasite.com	\N	9E-9F-4E-56-16-0A	Business Development	1	0	China	0.50	t	28016	601	1996-09-23
602	Anjela	Diego	\N	133.166.15.227	38-1B-D6-7B-C1-79	Research and Development	2	0	Colombia	0.25	f	71005	602	\N
603	Dill	Aneley	daneleygq@sfgate.com	78.199.220.155	\N	Human Resources	3	0	Russia	1.00	\N	41473	603	\N
604	Evangeline	Nerheny	enerhenygr@sakura.ne.jp	153.221.229.25	A6-F2-59-F8-7F-34	Sales	6	0	Russia	1.00	t	58030	604	\N
605	Melody	Livings	mlivingsgs@cyberchimps.com	97.145.148.223	B6-C0-1F-96-1B-3D	Marketing	5	0	China	0.50	f	47771	605	2008-08-05
606	Nil	Whitman	nwhitmangt@hugedomains.com	32.5.251.80	32-CA-B7-4C-5E-02	Legal	5	0	China	0.25	f	56718	606	2007-05-16
607	Anastasie	Exton	aextongu@wix.com	166.198.145.228	E3-51-46-AE-6C-8F	Marketing	7	0	China	0.50	f	34714	607	1995-03-30
608	Lucho	Linster	llinstergv@yellowpages.com	108.43.24.86	17-31-1E-46-E7-82	Human Resources	7	0	United States	1.00	t	82136	608	2006-06-29
609	Simon	Giacaponi	sgiacaponigw@jigsy.com	151.164.65.110	03-2F-20-B5-FA-59	Engineering	8	0	Russia	0.50	f	40073	609	1994-10-15
610	Peder	Sorey	psoreygx@oracle.com	23.86.81.27	87-21-7E-43-5F-C8	Sales	7	0	Indonesia	0.25	f	93817	610	1998-11-20
611	Franni	Mapston	fmapstongy@weebly.com	116.231.122.251	4E-91-99-CA-B5-55	Services	10	0	China	0.25	t	61696	611	2016-07-24
612	Sophi	Haborn	shaborngz@ted.com	137.30.222.52	B0-52-60-DD-E9-57	Business Development	9	0	Portugal	1.00	f	43019	612	2001-04-04
613	Camella	Hasloch	chaslochh0@yale.edu	178.144.50.36	8D-42-49-53-B0-49	Legal	7	1	Faroe Islands	0.25	t	98668	613	2008-04-11
614	Midge	O'Halloran	mohalloranh1@seattletimes.com	31.154.98.212	79-22-49-A6-19-E2	Product Management	7	0	France	0.50	t	48508	614	1994-06-16
615	Constancia	Dyton	cdytonh2@deviantart.com	105.205.15.62	AF-3D-4B-A5-DB-49	Accounting	9	0	China	0.75	f	53659	615	2018-07-24
616	Allyson	Sykes	asykesh3@wunderground.com	155.223.196.62	D6-7E-C6-79-C2-73	Training	4	0	Finland	0.75	f	59092	616	1998-08-14
617	Kenyon	Restorick	krestorickh4@issuu.com	232.185.95.233	57-F6-DF-C5-CC-35	Training	8	0	Italy	1.00	t	86723	617	\N
618	Waite	Mortimer	wmortimerh5@photobucket.com	71.183.65.98	E0-0C-2E-B3-27-EF	Services	7	0	Indonesia	1.00	f	94923	618	1993-11-12
619	Temple	Cogley	\N	46.188.55.3	60-33-85-A4-21-60	Training	1	1	United States	0.25	t	65699	619	2016-10-09
620	Sutton	Coniam	sconiamh7@domainmarket.com	32.2.197.94	1D-03-B8-4C-59-0D	Engineering	8	0	Indonesia	0.75	f	75011	620	2012-08-25
621	Happy	Stanaway	hstanawayh8@artisteer.com	239.142.233.142	60-54-D4-EF-E7-99	Product Management	8	0	Slovenia	1.00	f	97063	621	2007-08-16
622	Bernete	Belchamber	bbelchamberh9@webnode.com	90.115.135.44	35-8B-3E-40-68-62	Business Development	5	0	Indonesia	0.25	t	73483	622	2002-04-20
623	Jazmin	Brodeur	jbrodeurha@a8.net	243.2.80.98	D8-CC-BA-A6-A8-CE	Support	5	0	Iran	0.25	f	20473	623	2017-11-04
624	Aaron	Tack	atackhb@chron.com	76.242.174.34	9B-03-8A-59-FA-B1	Legal	5	0	Zambia	0.25	f	34827	624	2015-09-15
625	Gilda	Crass	\N	2.52.1.62	77-59-62-41-E4-78	Training	6	0	Czech Republic	0.50	t	53264	625	1992-06-05
626	Kristyn	Leamon	kleamonhd@flavors.me	212.27.199.106	96-B7-68-06-8C-E2	Product Management	5	0	Netherlands	0.75	t	56591	626	\N
627	Georgena	Antonin	gantoninhe@about.me	218.138.212.205	59-4B-FC-1A-AC-88	Human Resources	8	0	Brazil	0.75	f	72275	627	2005-06-19
628	Paulo	Armsden	parmsdenhf@phoca.cz	0.137.131.71	F3-07-48-12-B0-97	Human Resources	5	0	Serbia	0.75	f	70201	628	2014-04-12
629	Lorita	Waterman	lwatermanhg@t.co	115.184.137.241	FF-55-3C-32-6B-07	Research and Development	4	0	Portugal	0.25	t	\N	629	2010-10-05
630	Fredra	Horsey	fhorseyhh@cnn.com	133.218.45.170	F7-0F-C4-03-3F-36	Sales	5	0	Spain	0.50	f	79362	630	1997-01-10
631	Guss	Hubbuck	ghubbuckhi@dell.com	21.62.46.209	4A-D0-94-2C-EF-E0	Services	5	0	United States	1.00	f	78910	631	2018-09-29
632	Paloma	Bene	pbenehj@altervista.org	92.145.117.164	37-AB-66-33-C2-BD	Services	8	0	China	0.75	f	94700	632	2000-05-22
633	Kele	Tiffney	ktiffneyhk@com.com	166.72.13.76	0F-4F-D5-EB-CB-86	Legal	9	0	Indonesia	0.75	f	42377	633	2012-01-28
634	Cacilie	Troman	ctromanhl@nih.gov	127.200.2.141	B5-68-74-FE-AC-51	Engineering	9	0	Austria	0.25	t	95813	634	2004-06-29
635	Jo-anne	Clack	jclackhm@buzzfeed.com	255.105.193.216	D7-25-8E-EB-BE-14	Engineering	5	0	China	1.00	t	73223	635	2005-01-17
636	\N	Smitham	csmithamhn@wikispaces.com	57.152.89.208	\N	Support	5	0	China	0.25	\N	39403	636	2014-06-19
637	Chet	Kamiyama	ckamiyamaho@redcross.org	95.159.143.244	8D-49-A4-AA-8B-DB	Accounting	2	0	Poland	0.25	f	44722	637	1995-10-22
638	Devinne	Westell	\N	19.9.232.235	93-CE-49-A3-6F-90	Human Resources	3	0	Poland	1.00	f	85293	638	1992-11-02
639	Zacherie	Costard	zcostardhq@livejournal.com	61.15.62.144	59-50-13-20-F7-90	Business Development	10	0	United States	1.00	f	91716	639	2017-11-04
640	Bevvy	Danis	bdanishr@nytimes.com	17.10.187.213	F5-C2-3C-37-BD-1D	Legal	1	0	Indonesia	0.50	f	\N	640	2018-03-22
641	Ceil	Legion	clegionhs@youku.com	10.185.121.244	88-42-89-C7-C7-75	Marketing	1	1	Philippines	0.50	t	29223	641	2017-03-15
642	Chandra	Mattin	cmattinht@booking.com	162.4.2.19	AD-6E-2A-DC-BE-49	Marketing	3	0	Brazil	0.50	t	89584	642	1999-04-18
643	Goldarina	Germain	ggermainhu@issuu.com	45.228.94.92	DD-10-E4-E0-0E-F8	Product Management	8	0	Portugal	0.50	f	29483	643	2011-01-05
644	Kain	Cawdell	kcawdellhv@booking.com	23.193.171.55	0F-25-60-7D-FE-ED	Support	9	1	Lesotho	0.75	t	37319	644	1997-02-02
645	Vernen	Dunston	\N	115.222.12.90	4C-D4-B4-0E-AF-A0	Sales	2	0	Brazil	1.00	f	50428	645	2011-06-30
646	Carita	Malan	cmalanhx@etsy.com	63.85.7.189	59-59-B3-72-CA-B0	Accounting	4	1	Philippines	0.75	f	41473	646	2007-07-01
647	Quintin	Bucktharp	qbucktharphy@macromedia.com	138.197.188.166	D4-3F-CB-2C-54-A8	Training	2	0	Russia	1.00	f	49257	647	2013-07-27
648	Cirilo	Brangan	cbranganhz@sciencedaily.com	80.154.1.79	\N	Legal	7	0	China	1.00	\N	68590	648	1998-10-12
649	Paola	McClay	pmcclayi0@de.vu	229.70.126.217	38-C4-6C-4A-20-04	Engineering	2	0	Ireland	0.25	t	97512	649	2018-04-09
650	Donovan	Pollastro	\N	140.255.163.142	40-8E-0A-03-D6-E3	Accounting	6	0	Honduras	1.00	t	67071	650	1992-07-14
651	Roberto	Haldene	rhaldenei2@ovh.net	215.47.163.26	8E-8B-53-BA-CA-2E	Business Development	6	0	Paraguay	0.25	f	38022	651	2011-08-22
652	\N	Scardefield	lscardefieldi3@webnode.com	223.202.68.15	E5-9B-1C-E9-EB-F8	Support	9	0	Russia	0.50	t	71425	652	2005-06-14
653	Pet	Moyser	pmoyseri4@utexas.edu	\N	53-FC-F9-84-36-50	Training	1	1	China	0.50	f	58349	653	2017-11-03
654	Karel	Le Batteur	\N	108.170.223.76	77-E2-E7-66-C7-32	Marketing	10	0	Brazil	0.75	t	86819	654	2011-07-01
655	Amandi	Bedson	abedsoni6@yellowbook.com	175.229.197.6	76-DA-38-48-08-B9	Support	2	0	Canada	0.50	f	20289	655	1998-04-16
656	Osborne	Hobble	ohobblei7@comcast.net	37.79.101.96	90-57-55-4A-F3-4D	Accounting	9	0	China	0.50	f	46657	656	2000-04-25
657	Rhetta	Linfitt	rlinfitti8@dell.com	159.36.147.52	55-49-7D-92-C2-49	Research and Development	5	0	Democratic Republic of the Congo	0.25	f	23310	657	2016-02-12
658	Gretel	Dearing	gdearingi9@stanford.edu	167.92.32.187	07-D9-FA-E9-BF-FE	Product Management	3	0	Russia	0.75	t	72448	658	2013-05-19
659	Valida	Fernely	\N	201.63.58.82	13-DB-E3-A6-52-48	Product Management	9	0	Indonesia	0.50	t	41080	659	1991-02-28
660	Falito	Dansey	fdanseyib@chronoengine.com	181.115.58.241	50-9A-46-46-72-92	Accounting	1	\N	Portugal	1.00	t	70463	660	2003-04-19
661	Mike	Spencley	mspencleyic@stumbleupon.com	184.77.117.184	B3-45-56-26-90-79	Sales	1	0	Curacao	0.25	t	80534	661	1995-10-11
662	Caria	Asken	caskenid@soundcloud.com	153.208.33.16	86-4C-0F-25-1D-DD	Services	2	0	China	0.75	f	60990	662	1996-08-03
663	Frannie	O'Coskerry	\N	124.169.180.30	39-B4-5B-86-F6-87	Business Development	3	0	Canada	0.50	f	58390	663	\N
664	Mahmoud	Maiklem	mmaiklemif@mediafire.com	140.112.2.133	99-1A-91-42-F6-BD	Accounting	7	0	Philippines	0.50	t	54915	664	2013-06-07
665	Mill	Mouse	mmouseig@vk.com	12.160.56.248	D7-BD-F1-9B-FF-06	Support	9	0	Nigeria	0.50	f	79801	665	1999-08-08
666	Charline	Channing	cchanningih@mac.com	19.103.212.29	F0-18-1D-30-6B-94	Accounting	6	0	Netherlands	0.25	f	32513	666	1997-01-17
667	Gunther	Cicconetti	gcicconettiii@jigsy.com	254.219.118.23	58-D9-C8-70-BD-3F	Services	10	0	Nigeria	0.50	f	81311	667	2002-12-25
668	Mikol	Caldayrou	\N	74.219.96.190	E8-91-B3-0D-F3-4C	Services	4	1	Poland	1.00	t	31128	668	2013-11-22
669	Benjamin	Capel	bcapelik@hc360.com	96.101.73.158	F2-FF-5A-96-D2-78	Sales	4	0	Indonesia	1.00	f	59871	669	2015-10-17
670	\N	Klimsch	jklimschil@google.de	66.71.19.3	22-0C-0A-AA-B2-C5	Business Development	7	0	France	0.25	t	27499	670	1990-10-14
671	Julianna	Propper	jpropperim@homestead.com	84.44.176.115	58-E5-72-56-92-AB	Human Resources	3	0	Indonesia	0.75	f	94912	671	2014-11-25
672	Olenolin	Wegman	owegmanin@buzzfeed.com	226.137.214.171	4E-16-45-3C-B4-85	Research and Development	4	0	Afghanistan	1.00	f	75435	672	\N
673	Ashlee	Perulli	aperulliio@acquirethisname.com	147.70.17.126	59-4A-60-9E-F5-CA	Research and Development	5	0	Poland	0.25	f	60004	673	2005-06-25
674	Penn	Discombe	pdiscombeip@xrea.com	170.49.246.137	3C-C3-EC-AC-01-47	Marketing	3	0	Japan	1.00	t	78451	674	\N
675	Stephie	Kuna	skunaiq@alibaba.com	245.71.9.112	A4-86-02-02-91-74	Services	5	\N	France	0.25	t	72001	675	1990-08-26
676	Emanuele	Merrisson	emerrissonir@ebay.co.uk	1.201.100.201	\N	Legal	5	1	Indonesia	1.00	\N	44785	676	2017-08-01
677	Jaquelyn	Viggers	jviggersis@pcworld.com	96.105.209.167	CD-4E-E1-F3-33-E3	Support	7	0	Lebanon	0.50	t	69490	677	1990-03-18
678	Domeniga	Ravenscroft	dravenscroftit@imgur.com	\N	95-5C-26-BE-12-42	Sales	1	1	Palestinian Territory	0.50	f	64603	678	2000-07-03
679	Tanny	Clemon	tclemoniu@npr.org	127.120.185.234	2A-D9-C5-4B-52-3B	Research and Development	6	0	Chile	0.50	t	31419	679	2011-04-01
680	Saundra	Fearnyhough	sfearnyhoughiv@wired.com	61.63.171.131	C8-3F-B8-70-24-11	Engineering	8	0	American Samoa	0.75	t	89142	680	\N
681	Duff	Madigan	dmadiganiw@miitbeian.gov.cn	46.39.25.140	8E-3A-07-35-69-15	Support	4	0	China	0.25	t	87341	681	2017-01-13
682	Marissa	Attryde	mattrydeix@ustream.tv	222.91.118.214	\N	Research and Development	9	0	China	0.75	\N	74835	682	2009-05-10
683	Leigha	Megroff	lmegroffiy@lulu.com	20.248.214.216	06-D7-0D-73-76-31	Human Resources	1	0	Mali	0.25	t	88729	683	2013-06-16
684	Waverley	Glidder	wglidderiz@bbc.co.uk	35.81.20.147	4C-5E-2F-A3-17-5A	Training	2	0	China	0.50	f	87661	684	2002-01-17
685	Elsa	Hadgkiss	ehadgkissj0@privacy.gov.au	185.102.45.59	D8-EC-8B-16-37-27	Human Resources	6	0	Brazil	1.00	t	55863	685	2005-05-04
686	Kristin	Vigar	kvigarj1@theatlantic.com	29.79.86.6	BF-48-76-87-A4-7C	Business Development	1	1	Indonesia	0.75	t	21783	686	2017-06-16
687	Kath	Robens	krobensj2@mtv.com	1.176.141.55	03-9C-18-66-F1-F1	Marketing	3	0	Sweden	0.75	f	44598	687	2003-10-08
688	Maximilian	Jone	mjonej3@slashdot.org	77.90.244.34	F1-E7-91-E6-C9-09	Marketing	2	0	China	1.00	f	45622	688	2010-10-20
689	Kylen	Tours	ktoursj4@eventbrite.com	103.27.185.193	95-DD-EB-3B-BD-22	Training	5	0	Thailand	0.75	t	77269	689	2003-10-19
690	Haskell	Josefson	hjosefsonj5@yandex.ru	59.102.155.254	38-75-C2-BF-CE-F4	Engineering	9	0	Fiji	0.75	f	99219	690	2002-08-26
691	Philbert	McLemon	pmclemonj6@nhs.uk	151.226.166.117	\N	Engineering	10	1	Philippines	0.75	\N	95418	691	2001-04-09
692	Ebenezer	Roseby	erosebyj7@ted.com	199.142.109.23	31-71-89-B4-F4-BD	Legal	6	0	Yemen	0.50	t	46084	692	2010-01-03
693	Emylee	Quarmby	equarmbyj8@shinystat.com	93.159.142.132	CF-AE-6D-20-06-CB	Support	8	0	China	1.00	f	76111	693	2010-06-19
694	Creighton	MacCombe	cmaccombej9@myspace.com	223.110.64.217	6E-E3-EB-A4-DE-A5	Human Resources	9	1	Belarus	1.00	t	74058	694	2018-11-19
695	Brnaba	Battleson	bbattlesonja@ucla.edu	148.20.139.25	36-1F-56-18-94-14	Training	1	0	Ukraine	0.75	f	75538	695	2005-04-11
696	Mozelle	Andryushin	\N	110.15.23.124	70-9E-0F-D3-76-39	Legal	5	0	Japan	0.50	t	20725	696	2014-03-18
697	Kris	Lepope	klepopejc@newsvine.com	208.29.182.134	3D-A0-D1-2B-CA-8C	Marketing	10	0	China	0.50	t	54795	697	1990-07-31
698	\N	Ovett	\N	132.78.129.117	3E-D3-09-21-FF-21	Engineering	8	0	Japan	0.50	t	39083	698	\N
699	Vittorio	Carus	vcarusje@icio.us	135.99.105.228	1F-B5-A6-7D-5C-02	Business Development	2	0	Indonesia	1.00	f	86199	699	2002-11-23
700	Tallia	Tesimon	ttesimonjf@youku.com	175.209.203.216	4C-B9-58-EF-3C-C3	Business Development	2	1	China	0.75	f	97807	700	\N
701	Claudio	Noni	cnonijg@whitehouse.gov	218.215.104.240	2A-F5-40-E3-5F-C5	Research and Development	6	0	Nepal	0.50	t	41270	701	2018-12-31
702	Madlen	Isakowicz	misakowiczjh@webeden.co.uk	100.163.61.184	39-38-EF-93-55-00	Support	1	1	China	0.25	f	84031	702	\N
703	Jacynth	McGinnell	jmcginnellji@tmall.com	28.61.136.48	5F-82-25-F3-40-9D	Legal	1	0	China	0.75	f	67865	703	2003-04-04
704	Benito	Cholmondeley	bcholmondeleyjj@google.com.hk	105.238.64.112	5F-FB-57-93-71-B2	Human Resources	10	0	China	0.25	t	46678	704	2001-10-23
705	Gerri	Yashunin	gyashuninjk@phpbb.com	73.99.98.61	23-83-09-71-F7-B7	Sales	6	0	Ukraine	0.50	t	89075	705	1992-06-26
706	Minni	Artingstall	martingstalljl@homestead.com	132.182.12.251	BD-81-61-6A-66-62	Business Development	1	0	Philippines	1.00	t	57586	706	2009-08-13
707	Mack	Grinaway	mgrinawayjm@mozilla.com	153.109.206.133	95-1F-49-D6-64-59	Research and Development	2	0	Libya	0.25	f	97348	707	2008-05-17
708	Melba	Wileman	mwilemanjn@latimes.com	102.173.30.78	A7-9A-3F-95-E1-71	Training	4	0	Canada	1.00	f	96492	708	2015-11-03
709	Erek	Ganley	eganleyjo@rakuten.co.jp	82.182.122.22	B9-C3-4E-57-9D-C4	Product Management	7	0	China	0.50	f	32489	709	2014-08-25
710	Horton	Szymanski	hszymanskijp@biglobe.ne.jp	236.63.249.213	64-E1-DE-7D-AF-14	Legal	8	0	Tunisia	1.00	t	81247	710	2005-08-17
711	Hendrik	Baudy	hbaudyjq@istockphoto.com	250.148.137.27	8D-29-9A-37-F2-98	Legal	4	0	China	0.25	t	59703	711	2016-04-02
712	Gonzales	Askew	gaskewjr@google.ru	69.201.160.90	C1-43-13-77-2D-E8	Training	2	0	Sweden	0.25	f	80669	712	2012-07-24
713	Taddeusz	Dedenham	tdedenhamjs@furl.net	128.152.20.199	F2-53-85-5E-B4-28	Engineering	4	0	Indonesia	0.75	f	21581	713	2011-10-13
714	Remington	Moxson	\N	39.242.155.201	6A-A5-3E-CD-DD-F3	Sales	2	0	Indonesia	0.50	f	74136	714	2015-02-25
715	Richmound	Raith	rraithju@merriam-webster.com	\N	4A-EE-30-9C-5C-17	Human Resources	4	0	France	1.00	f	97626	715	2001-01-27
716	Cordi	Mouget	cmougetjv@de.vu	31.174.200.123	2D-1C-BA-EA-63-47	Sales	9	0	Poland	0.75	f	42833	716	1991-08-24
717	Birk	Broadfield	\N	19.68.223.7	85-97-17-30-30-9A	Services	5	0	Poland	0.75	f	63177	717	2000-02-23
718	Ansel	Baumer	abaumerjx@whitehouse.gov	1.220.100.13	A3-81-F1-85-B8-8E	Business Development	8	0	Canada	0.75	t	70634	718	1992-02-01
719	Weidar	Joost	wjoostjy@hatena.ne.jp	188.237.174.240	F5-62-E1-C6-26-59	Marketing	9	0	Canada	0.75	t	28469	719	2000-05-17
720	Merrili	Mostyn	mmostynjz@imdb.com	73.55.142.73	1C-9C-E6-D7-AD-8B	Product Management	6	0	Indonesia	1.00	f	78688	720	\N
721	Donall	Danilenko	ddanilenkok0@earthlink.net	182.37.85.183	07-CB-EC-79-B3-AB	Research and Development	8	0	Indonesia	0.75	t	39150	721	1995-03-04
722	Cornelia	Cholerton	ccholertonk1@facebook.com	129.132.81.182	08-FA-7B-D6-9D-D8	Business Development	2	0	Indonesia	0.25	f	60655	722	1990-10-25
723	Marja	Fawdry	mfawdryk2@cbc.ca	23.219.246.74	D8-F1-49-BD-C2-DC	Legal	2	0	Serbia	0.50	f	76692	723	2006-04-06
724	Bucky	Aggett	\N	230.178.132.217	06-5C-BB-28-99-05	Legal	1	0	Israel	0.75	t	75992	724	2000-08-15
725	Ellery	Hanford	ehanfordk4@constantcontact.com	26.251.234.136	82-13-51-65-A9-B7	Marketing	6	0	Portugal	0.75	f	\N	725	1991-11-19
726	Trevor	Argo	targok5@infoseek.co.jp	173.217.254.238	AF-8C-6F-22-38-2C	Training	1	1	Japan	0.75	f	\N	726	2011-02-15
727	Gertie	Aizic	\N	167.42.90.142	9E-58-AF-7C-25-E1	Support	8	0	Nigeria	0.75	f	94662	727	1998-06-10
728	Tuck	O'Hartagan	tohartagank7@ebay.co.uk	52.184.30.186	8B-24-9B-BA-8B-FA	Product Management	8	0	China	0.75	t	\N	728	2016-11-02
729	Alfy	Siddon	\N	199.228.47.83	5E-28-60-B5-F9-6C	Human Resources	8	0	Peru	0.50	f	64780	729	2013-07-20
730	Lucian	Harme	lharmek9@ted.com	3.169.170.17	76-C2-49-3E-1B-84	Training	1	1	China	0.75	f	44417	730	1997-08-29
731	Skelly	Banford	sbanfordka@etsy.com	89.110.240.145	71-36-8A-93-5D-04	Sales	9	0	Indonesia	0.25	f	47048	731	2013-09-18
732	Boyce	Madgett	\N	99.17.88.143	0E-03-49-3D-98-05	Research and Development	4	0	Moldova	0.50	t	60230	732	2006-11-23
733	Sherline	Tincey	stinceykc@cnn.com	88.199.170.54	26-E0-83-E1-A9-98	Legal	7	0	Ukraine	0.50	f	23032	733	1993-11-13
734	Taddeusz	Crawforth	tcrawforthkd@bbb.org	100.95.37.15	36-64-D2-11-95-24	Research and Development	9	0	Russia	0.75	f	96917	734	2000-07-10
735	Egbert	Prue	eprueke@storify.com	102.37.113.75	16-97-8D-FB-FD-AE	Legal	7	1	Indonesia	0.50	f	88060	735	\N
736	\N	Pybus	fpybuskf@lycos.com	43.216.232.46	DB-96-01-7A-BE-68	Marketing	5	0	Japan	1.00	f	25431	736	\N
737	Ellette	Parades	eparadeskg@posterous.com	198.230.109.117	FF-6E-70-AD-02-0C	Support	8	0	South Korea	1.00	t	49806	737	2002-09-22
738	Claudio	Evemy	\N	3.230.147.231	CE-A4-A9-CC-15-50	Research and Development	3	0	Russia	0.75	f	32675	738	1990-09-06
739	Sapphira	Cassin	scassinki@posterous.com	145.117.202.159	CD-25-97-A2-BA-6A	Human Resources	1	0	Belarus	1.00	t	36485	739	2009-07-12
740	Jozef	Mumbey	jmumbeykj@cmu.edu	193.118.55.178	5F-9C-97-AF-8F-A3	Human Resources	10	0	Argentina	0.25	t	23483	740	\N
741	Danya	Wink	dwinkkk@livejournal.com	166.32.85.118	92-37-E4-BA-BF-E1	Marketing	6	1	Indonesia	0.75	f	32417	741	1994-04-01
742	Drusy	Gildroy	dgildroykl@ustream.tv	79.142.207.177	AC-6D-85-3C-E2-42	Training	9	\N	China	0.50	f	79279	742	2008-02-09
743	Alicia	Swigg	aswiggkm@irs.gov	233.41.130.166	40-0F-45-19-DD-B7	Product Management	6	0	Philippines	0.75	f	20528	743	2007-09-15
744	Aaron	Lasty	alastykn@redcross.org	138.246.68.175	FB-DD-61-CA-BB-DE	Sales	8	0	Philippines	0.50	t	\N	744	1994-08-01
745	Jordon	Terne	jterneko@reverbnation.com	\N	71-6A-C5-71-8C-DD	Marketing	1	1	China	1.00	t	60300	745	1996-06-07
746	Sydelle	Lambkin	slambkinkp@com.com	167.71.241.238	10-95-FC-16-AE-50	Research and Development	2	0	Thailand	0.75	t	94624	746	2014-10-25
747	Janey	Philler	jphillerkq@dedecms.com	81.186.97.161	45-1D-75-42-71-70	Services	1	1	Haiti	0.25	f	46641	747	1996-03-24
748	Tandy	Salthouse	\N	140.50.28.68	B5-91-CD-90-31-48	Accounting	6	0	Nicaragua	0.50	f	24696	748	2017-11-11
749	Marion	Spearman	mspearmanks@discuz.net	255.196.94.58	D2-56-66-B8-96-AE	Training	6	0	Paraguay	1.00	t	53194	749	2002-08-17
750	Blancha	Jurczyk	bjurczykkt@gmpg.org	39.179.215.190	C5-C9-6B-FF-21-8F	Business Development	4	0	Gambia	1.00	t	93041	750	2011-02-18
751	Retha	Mougel	rmougelku@princeton.edu	149.79.203.53	36-AD-D9-47-03-EB	Product Management	8	0	Portugal	1.00	f	29142	751	2004-03-20
752	Maurise	Grogona	\N	243.141.208.10	8C-66-D5-8C-A8-B0	Support	9	0	Tanzania	0.75	t	50256	752	1995-06-15
753	Karie	Domerc	\N	190.26.146.111	EB-14-87-DB-6C-0B	Engineering	4	1	Japan	1.00	f	63606	753	\N
754	Beth	Duffie	bduffiekx@youtube.com	\N	05-8B-7A-B9-61-81	Human Resources	6	0	Japan	0.75	f	37251	754	2000-11-21
755	Eadie	Ferrant	eferrantky@archive.org	192.28.87.193	8F-C8-26-16-A5-F5	Product Management	3	0	China	0.50	t	88824	755	2005-08-09
756	Valry	McGuane	vmcguanekz@newyorker.com	26.119.231.194	D3-5E-81-75-EA-AE	Support	3	1	Philippines	1.00	t	56370	756	2014-03-21
757	\N	Baldery	pbalderyl0@godaddy.com	112.37.192.211	D9-22-D8-70-7B-3C	Human Resources	7	0	Dominican Republic	0.50	t	40028	757	1998-05-18
758	Alastair	Brotherwood	abrotherwoodl1@yellowbook.com	148.215.199.231	DF-4E-E8-A6-3E-43	Product Management	10	0	Brazil	0.50	t	94695	758	1998-01-02
759	Tarrah	Serotsky	\N	144.41.185.101	CD-A4-38-38-5E-53	Training	7	0	Netherlands	0.75	t	36690	759	1998-03-25
760	Gustave	Truwert	gtruwertl3@wired.com	\N	4F-13-B2-DE-0C-2E	Training	10	0	China	0.75	t	99889	760	2008-10-29
761	Alane	Mirams	amiramsl4@washingtonpost.com	\N	54-3A-C6-AE-C7-F6	Legal	10	1	Thailand	1.00	t	40445	761	2003-11-09
762	Iain	Sinnie	\N	182.102.144.58	2E-63-50-C1-F7-C4	Legal	8	0	Cuba	0.25	t	47669	762	1994-04-15
763	Charil	Plan	cplanl6@loc.gov	216.94.104.208	01-F0-EC-03-1B-72	Business Development	8	1	Brazil	0.75	t	80168	763	1999-03-01
764	Bennett	Rapp	brappl7@si.edu	249.15.38.45	5E-10-51-D1-99-91	Accounting	3	0	China	0.75	f	87043	764	2015-04-20
765	Lexy	Trapp	ltrappl8@fotki.com	27.19.61.64	9F-A5-3E-53-C6-C4	Research and Development	2	\N	Indonesia	0.75	f	62490	765	2011-05-09
766	Virge	Bonhill	\N	20.117.200.113	4E-6D-C0-64-AB-40	Support	7	0	Indonesia	1.00	t	77347	766	2016-12-12
767	Roslyn	Vaisey	\N	46.143.220.5	F7-09-1D-A6-9A-2E	Business Development	8	0	China	0.25	f	69122	767	1993-12-24
768	Jeno	Ikins	jikinslb@fotki.com	235.115.45.237	CB-B3-BF-F9-87-08	Legal	2	0	Panama	1.00	f	50296	768	1990-10-10
769	Margo	Johnson	\N	20.145.80.208	12-74-3F-60-8C-1C	Research and Development	5	0	Peru	0.75	t	34334	769	2012-08-24
770	Nessi	Doerr	ndoerrld@typepad.com	120.166.48.203	65-D2-CF-89-02-3D	Legal	9	1	Bosnia and Herzegovina	0.50	f	50057	770	1997-06-30
771	Merla	Henningham	mhenninghamle@soundcloud.com	158.18.238.85	20-69-43-A2-AF-49	Sales	9	0	Kuwait	0.75	f	97117	771	2014-08-10
772	Dagmar	Alf	dalflf@archive.org	238.72.156.118	BE-ED-DC-64-95-EA	Engineering	9	0	Argentina	1.00	t	65572	772	2016-12-23
773	Tatum	Hynson	thynsonlg@ebay.co.uk	180.216.18.152	1C-8B-C9-28-D6-E9	Product Management	2	0	Russia	0.75	f	33540	773	2010-10-26
774	Claudius	Wasiela	cwasielalh@businessinsider.com	230.150.75.54	06-68-7E-0A-C4-54	Accounting	1	0	Germany	0.75	f	24131	774	1993-11-18
775	Kimbell	Kibbee	kkibbeeli@twitter.com	228.208.82.252	2C-4E-07-03-D1-4D	Legal	7	0	Morocco	0.75	t	54822	775	1996-07-18
776	Toinette	Pele	\N	182.117.68.18	1C-30-E8-4F-12-02	Human Resources	7	0	China	0.25	f	68914	776	2002-06-28
777	Der	Hanster	dhansterlk@admin.ch	123.123.193.248	4F-9A-75-67-9C-00	Marketing	5	0	Japan	1.00	t	58976	777	2012-08-26
778	Ladonna	Kierans	lkieransll@hugedomains.com	98.78.14.102	A2-7C-8F-13-DC-04	Product Management	3	0	Vietnam	0.25	t	60309	778	1993-11-01
779	Lorraine	Beeckx	lbeeckxlm@toplist.cz	39.18.64.0	D0-19-D7-84-54-65	Legal	9	1	Norway	0.50	t	\N	779	2002-12-16
780	Berky	Petruszka	bpetruszkaln@ucoz.com	105.122.251.176	42-21-5D-FA-3D-AB	Accounting	7	0	Greece	0.25	f	90807	780	2011-01-10
781	Garek	Boylin	gboylinlo@shinystat.com	34.50.20.218	D5-77-FA-B7-02-05	Support	8	0	Guatemala	0.50	t	75354	781	2016-07-03
782	Gordy	Root	grootlp@i2i.jp	129.143.16.11	D8-22-F9-1F-74-99	Research and Development	10	0	East Timor	1.00	t	35866	782	1994-04-29
783	Morgen	Silberschatz	msilberschatzlq@who.int	112.214.85.64	75-C8-50-E9-C5-F1	Research and Development	8	0	Japan	0.25	t	31018	783	1991-08-25
784	Kory	Vaudrey	kvaudreylr@people.com.cn	173.222.201.41	42-73-16-7A-DE-09	Legal	2	1	Philippines	1.00	t	50239	784	2007-08-10
785	Veda	Jacop	vjacopls@ihg.com	132.8.6.149	36-02-D7-75-AB-2C	Research and Development	8	0	Philippines	1.00	f	96346	785	2011-12-07
786	Eldon	Halvorsen	ehalvorsenlt@ucoz.ru	242.59.89.122	6A-65-D2-78-93-B8	Engineering	1	1	Kazakhstan	0.75	t	40443	786	2010-07-05
787	Enrico	Mannion	emannionlu@is.gd	113.198.132.180	F7-4D-80-63-FE-D7	Human Resources	7	1	Philippines	0.25	t	97141	787	\N
788	Alexis	Davidoff	adavidofflv@who.int	220.211.4.52	E9-39-07-C1-6A-F9	Product Management	2	0	Serbia	0.75	f	52247	788	\N
789	Amii	Flowerden	aflowerdenlw@instagram.com	73.62.130.68	03-CD-18-73-56-7C	Services	7	0	China	1.00	t	43288	789	2015-09-24
790	Coleen	Cawt	ccawtlx@clickbank.net	120.230.225.159	10-6C-F2-0A-C2-3A	Legal	6	1	Tunisia	0.25	t	66037	790	2004-04-23
791	Marice	Barff	mbarffly@buzzfeed.com	103.43.144.156	7F-D1-3B-DC-4D-E6	Research and Development	4	0	Greece	0.75	f	63607	791	1995-02-27
792	Georgianna	Elgar	gelgarlz@netvibes.com	86.192.131.22	35-4B-9D-33-18-53	Marketing	9	\N	Malaysia	0.50	t	65990	792	2003-02-21
793	Kathye	Pilpovic	kpilpovicm0@columbia.edu	220.101.223.22	E3-39-5A-7D-AD-71	Services	2	0	Philippines	0.75	t	84082	793	2009-10-31
794	Beale	Raynard	braynardm1@mail.ru	130.99.81.32	10-92-EF-F6-61-D9	Support	8	0	Afghanistan	1.00	t	32849	794	2017-05-02
795	Benedikt	Wessell	bwessellm2@netlog.com	70.200.125.20	EF-72-3F-81-C6-AE	Research and Development	2	0	Philippines	0.75	t	88260	795	2001-10-01
796	\N	Sprake	rsprakem3@dailymotion.com	95.5.138.197	51-CF-DD-AD-96-32	Accounting	7	0	Indonesia	0.75	f	86558	796	1990-09-19
797	Angil	Rothert	arothertm4@mac.com	57.116.105.116	1D-6D-80-70-01-6A	Accounting	2	0	France	0.50	f	53792	797	2007-12-14
798	Caron	Moralee	cmoraleem5@bandcamp.com	130.83.163.79	B3-48-83-70-BF-B3	Business Development	2	0	Spain	0.75	f	55712	798	2009-05-05
799	\N	Dytham	jdythamm6@edublogs.org	248.30.156.164	B3-AB-48-C9-46-50	Research and Development	5	1	Malawi	0.25	f	\N	799	2018-10-04
800	Karl	Kalberer	kkalbererm7@wisc.edu	35.79.177.191	E5-6C-91-C9-C2-C4	Legal	4	0	China	0.25	t	36658	800	2008-11-04
801	\N	Devonside	gdevonsidem8@ehow.com	90.229.106.184	D8-77-83-16-1C-33	Support	1	0	China	0.25	t	53596	801	1992-10-30
802	Graehme	Northover	gnorthoverm9@arizona.edu	113.255.103.62	36-30-0F-D0-30-96	Accounting	2	1	China	0.25	f	30350	802	2003-07-08
803	Troy	Vautre	tvautrema@deliciousdays.com	203.238.48.5	23-C0-E1-0F-4E-54	Product Management	10	0	Japan	0.75	f	71518	803	1991-01-17
804	Tracee	Fillan	tfillanmb@tinypic.com	85.240.54.117	62-46-E7-97-94-69	Human Resources	3	0	Serbia	0.50	f	40516	804	\N
805	Gina	Arpur	garpurmc@symantec.com	174.250.87.147	A9-B1-F4-68-80-32	Services	6	0	Russia	1.00	f	57551	805	\N
806	Thorvald	Harradence	tharradencemd@google.cn	247.86.65.96	67-63-BF-B1-35-3D	Human Resources	4	0	China	1.00	f	\N	806	2010-07-28
807	Vanna	Fairbrother	vfairbrotherme@merriam-webster.com	13.243.82.215	C6-5A-8F-99-A7-5E	Research and Development	5	1	China	0.25	t	69946	807	2014-01-07
808	Verla	Covotti	vcovottimf@msu.edu	54.163.250.251	FC-31-B7-C5-6D-73	Accounting	8	0	Armenia	1.00	t	84333	808	2011-03-26
809	Thomasin	Menichelli	tmenichellimg@addtoany.com	118.190.245.11	82-BE-F4-96-5F-86	Marketing	3	0	China	0.25	t	91238	809	2002-11-25
810	Whitaker	Synder	wsyndermh@engadget.com	77.189.149.45	F7-99-AF-03-3E-C4	Research and Development	7	0	Russia	0.25	f	93709	810	1991-07-06
811	Mason	Beminster	mbeminstermi@alibaba.com	55.72.241.36	A9-22-73-5B-FD-48	Training	4	0	Vietnam	0.75	f	\N	811	2005-07-09
812	Bruno	Elington	belingtonmj@yandex.ru	253.43.127.233	F2-BC-35-24-24-3C	Legal	3	0	China	0.75	f	77025	812	2014-07-22
813	Lewie	Cuddehy	lcuddehymk@webeden.co.uk	29.88.45.23	37-A0-25-57-FF-43	Product Management	3	0	Poland	0.75	f	78331	813	2002-05-16
814	Derril	Foukx	dfoukxml@4shared.com	234.143.232.132	8E-0E-B3-D6-2C-83	Training	7	0	China	0.50	t	28515	814	2010-11-05
815	Nikki	Linnett	nlinnettmm@rakuten.co.jp	191.107.94.19	16-A3-CC-2B-64-7C	Research and Development	2	0	United States	0.75	f	84589	815	2007-12-24
816	Ximenez	Labusch	xlabuschmn@adobe.com	186.99.92.146	BC-C7-84-4A-F8-BB	Engineering	1	0	Nigeria	0.50	t	38315	816	2001-12-05
817	Berty	Dallimore	\N	219.175.135.227	5E-F6-1C-43-59-52	Legal	10	0	Bulgaria	0.25	f	24703	817	2006-03-10
818	Marsha	Brasseur	mbrasseurmp@netvibes.com	99.114.194.126	34-65-AA-01-F1-D8	Support	4	1	South Africa	0.25	t	28809	818	2012-06-29
819	Armstrong	Haly	\N	93.27.205.88	2D-1C-E7-AA-F9-4F	Legal	3	0	Laos	0.50	t	30696	819	2010-03-16
820	Papagena	Martinez	pmartinezmr@spiegel.de	40.15.39.122	4E-9F-D4-53-47-BB	Sales	10	0	Bosnia and Herzegovina	0.25	t	95131	820	2015-04-01
821	Jeana	McEnery	jmceneryms@posterous.com	132.22.130.28	12-BE-C9-4F-5E-A7	Sales	3	0	China	0.75	t	22403	821	1990-04-12
822	Derril	Sharpin	dsharpinmt@dyndns.org	228.4.148.156	9A-D3-1B-1E-87-D2	Marketing	2	0	Portugal	0.25	t	62041	822	2016-09-17
823	Corie	Stathers	cstathersmu@instagram.com	69.133.194.224	EA-38-CB-1B-A0-D6	Services	4	0	Nigeria	0.25	t	41510	823	2017-11-05
824	Charmian	Cleaver	ccleavermv@topsy.com	71.135.194.194	5E-99-54-61-21-24	Training	6	0	Indonesia	0.50	t	30389	824	2010-08-14
825	Peter	Finby	\N	237.118.49.213	4E-0B-C8-6F-8B-16	Human Resources	5	0	Sweden	0.75	f	24041	825	2000-07-04
826	Andy	Ranvoise	aranvoisemx@kickstarter.com	25.52.252.193	\N	Services	6	1	Indonesia	1.00	\N	51628	826	2018-10-03
827	Orlan	Collete	ocolletemy@rambler.ru	79.198.203.206	3A-6D-DD-C7-C3-7C	Services	9	0	Philippines	0.25	f	95141	827	2017-05-14
828	Mabelle	Wanklin	mwanklinmz@wikimedia.org	105.26.54.208	47-88-BF-39-3D-FF	Training	4	1	Greece	0.50	f	\N	828	2009-05-14
829	\N	Lowfill	jlowfilln0@mtv.com	111.14.192.151	AE-67-37-D9-B2-F8	Product Management	1	1	Czech Republic	0.75	t	32998	829	1997-01-20
830	Hedy	Gate	hgaten1@java.com	163.220.247.250	9A-35-14-94-9C-27	Legal	2	0	Indonesia	0.50	f	82391	830	1993-12-15
831	Philbert	Southward	psouthwardn2@hatena.ne.jp	44.139.21.117	DC-74-CC-F9-21-59	Marketing	6	1	Greece	0.25	f	27227	831	2014-08-25
832	Tome	Crummie	tcrummien3@comcast.net	204.131.126.25	\N	Product Management	9	0	China	1.00	\N	46556	832	2007-04-07
833	Eduino	Bentjens	\N	240.68.107.97	1D-05-E8-EA-FA-0A	Legal	8	0	Poland	0.50	t	80073	833	2008-02-11
834	Ellynn	Simonyi	esimonyin5@ucoz.ru	249.144.75.241	55-A4-3E-18-AC-89	Research and Development	1	0	Slovenia	0.75	f	78828	834	2007-12-22
835	Josias	Scotney	jscotneyn6@nbcnews.com	197.104.189.45	E8-D1-71-03-CE-D8	Sales	5	0	United States	0.75	t	34754	835	2018-03-21
836	Dwayne	Dibson	ddibsonn7@comsenz.com	110.167.115.72	3D-0D-82-C1-12-09	Research and Development	1	0	Nicaragua	0.75	t	26429	836	2017-03-05
837	Giraldo	Franies	gfraniesn8@gmpg.org	202.173.155.58	9A-CB-C7-E5-96-32	Human Resources	6	0	Spain	0.50	t	44617	837	1997-04-05
838	Carlee	De Clairmont	cdeclairmontn9@admin.ch	57.83.215.129	24-D0-43-03-BD-A5	Research and Development	4	0	Indonesia	0.75	t	49353	838	2002-02-27
839	Stafani	Ashbridge	sashbridgena@epa.gov	252.171.168.6	E2-B7-D0-C5-BD-4C	Support	10	0	China	0.75	f	59589	839	1996-11-26
840	Veronica	Noore	vnoorenb@cnbc.com	80.59.183.10	\N	Product Management	2	0	China	0.50	\N	92594	840	2004-06-23
841	Gualterio	Withnall	gwithnallnc@aboutads.info	79.229.160.228	69-44-D5-EA-4B-B5	Engineering	6	0	Ivory Coast	1.00	t	83370	841	1992-07-06
842	\N	McGeorge	\N	153.137.238.254	F7-02-0F-6E-7B-C0	Training	5	0	United States	1.00	f	78538	842	1991-07-31
843	Tades	Dregan	\N	84.250.240.241	2C-72-A8-31-D6-03	Legal	6	0	China	0.25	f	43868	843	2001-11-28
844	Evan	Slad	esladnf@bigcartel.com	50.80.85.55	6B-B6-F6-71-F7-95	Services	8	0	China	0.25	t	52076	844	1991-09-15
845	Christabella	Arnholz	carnholzng@slate.com	160.168.144.20	E1-B6-2C-8F-3E-35	Sales	6	0	China	0.25	t	58347	845	1992-07-09
846	Sheena	Leate	sleatenh@cam.ac.uk	169.82.191.166	44-7D-B2-F8-2A-22	Business Development	3	0	Mexico	0.50	f	72142	846	1996-02-14
847	Forest	Callam	\N	12.132.231.229	A6-ED-E2-4F-C1-DF	Legal	5	0	Russia	0.50	f	42103	847	1995-01-17
848	Guenna	Giamitti	ggiamittinj@ocn.ne.jp	139.213.48.58	4D-D8-D9-04-CB-DE	Training	10	0	Brazil	0.25	f	\N	848	1993-06-10
849	Carol	Orable	corablenk@lycos.com	164.187.86.82	D5-B4-0B-A7-6F-B0	Engineering	4	1	United States	0.25	t	58927	849	\N
850	Brunhilde	Udall	budallnl@bing.com	141.160.32.210	D6-B1-9A-6D-5E-8E	Legal	2	1	Sweden	0.75	t	81648	850	1997-03-09
851	Agustin	Jeandin	ajeandinnm@paypal.com	104.229.196.152	38-B2-A6-3C-CA-D8	Engineering	3	0	Thailand	0.25	f	85953	851	2017-02-17
852	Reta	McFee	rmcfeenn@seesaa.net	\N	42-8E-31-3B-8C-A7	Services	9	0	Philippines	0.50	f	37774	852	\N
853	Hamid	Towson	htowsonno@japanpost.jp	219.94.9.76	2D-A3-A9-DB-24-82	Legal	3	1	Thailand	1.00	f	32833	853	2000-10-18
854	Madelaine	Grigson	mgrigsonnp@usnews.com	228.75.187.159	1C-80-18-1F-F9-01	Support	7	0	Palestinian Territory	0.50	t	67508	854	2015-09-27
855	Ferrell	Baynard	fbaynardnq@godaddy.com	188.60.235.162	41-B4-6D-A2-CA-52	Research and Development	7	1	Sweden	0.75	f	25989	855	2017-11-22
856	Alix	Wardall	\N	228.40.202.47	B0-2E-D9-C3-26-EF	Support	7	0	Philippines	0.75	t	70794	856	1995-08-31
857	Frederigo	Bountiff	fbountiffns@networksolutions.com	118.123.28.125	46-64-6B-5A-7A-E7	Support	3	1	China	0.50	f	46666	857	\N
858	Hayden	Christmas	hchristmasnt@xing.com	97.61.94.246	DD-99-F7-EC-1C-70	Business Development	7	1	Sweden	0.50	f	79336	858	2013-11-29
859	Corny	Yearn	\N	196.166.192.226	8A-9D-3E-47-95-04	Engineering	3	0	Brazil	0.25	t	99798	859	1990-01-25
860	Kizzie	Rabidge	krabidgenv@jugem.jp	110.134.131.52	14-B3-20-2A-3A-A5	Legal	3	0	Indonesia	1.00	f	98422	860	2008-02-25
861	Jamie	McDunlevy	jmcdunlevynw@newyorker.com	186.48.105.111	87-E5-E6-BC-0B-6E	Engineering	8	1	Japan	1.00	t	72007	861	2011-01-14
862	Berenice	Ordidge	bordidgenx@vistaprint.com	250.77.187.82	CF-6A-A2-A0-5F-45	Product Management	6	\N	Armenia	1.00	f	40277	862	1996-02-19
863	Kristy	Rowet	krowetny@washington.edu	67.75.224.42	\N	Accounting	6	0	Indonesia	0.50	\N	67882	863	2004-07-21
864	Cooper	Lehrer	clehrernz@liveinternet.ru	184.128.253.59	45-6B-9B-0C-5D-7E	Engineering	5	0	Botswana	0.25	f	\N	864	1996-09-04
865	Keri	Herrema	kherremao0@usnews.com	93.19.67.67	13-7E-77-D5-28-98	Research and Development	3	0	China	0.25	f	50364	865	1998-09-03
866	Dallas	Last	dlasto1@disqus.com	179.105.1.51	60-90-09-8C-B7-AF	Human Resources	9	0	Nicaragua	0.25	t	53345	866	1997-11-19
867	Cullen	Mandel	cmandelo2@bluehost.com	27.73.173.157	5E-61-16-C1-D0-19	Training	7	0	China	0.75	t	40134	867	1996-02-11
868	Nell	Harbidge	nharbidgeo3@xinhuanet.com	114.144.178.68	F6-3D-46-90-3C-C8	Human Resources	1	0	Spain	0.50	f	78350	868	2005-05-28
869	Jackquelin	Piser	jpisero4@nhs.uk	27.4.68.144	9F-E1-08-BF-0F-F4	Engineering	9	0	Sudan	0.25	t	\N	869	2001-12-20
870	Stefa	Sowray	\N	171.148.209.70	1F-18-7D-22-D3-06	Services	7	1	Portugal	0.50	t	\N	870	1997-06-04
871	Gwyn	Bruhnke	gbruhnkeo6@unblog.fr	115.226.150.236	D7-B7-81-2B-9D-8A	Product Management	6	0	Iran	0.75	f	66380	871	2005-05-16
872	Ray	Safont	\N	151.61.18.245	3F-87-6D-B6-11-76	Training	6	1	Argentina	0.75	t	24238	872	2005-02-10
873	Gleda	Trussell	gtrussello8@woothemes.com	45.147.195.224	2F-B1-6E-A5-58-74	Research and Development	3	0	Thailand	1.00	t	93589	873	2004-07-28
874	Dionis	Tonry	dtonryo9@uol.com.br	252.108.214.53	55-11-16-74-FF-32	Research and Development	4	0	Palestinian Territory	0.25	f	67063	874	2004-09-21
875	Rodney	Love	rloveoa@irs.gov	188.134.34.200	84-3C-BE-24-53-6C	Business Development	6	1	Denmark	1.00	t	49310	875	1998-07-31
876	Launce	Fidge	\N	255.70.254.181	43-11-61-58-11-62	Engineering	4	0	China	0.25	t	92137	876	2001-08-27
877	Darelle	Oley	doleyoc@sogou.com	77.44.172.195	46-DE-D1-68-96-DC	Training	3	1	Russia	1.00	f	98524	877	1992-12-12
878	Sarena	Barwis	sbarwisod@jigsy.com	214.71.48.22	75-54-09-68-FC-3E	Marketing	4	0	China	0.50	t	64261	878	1998-08-12
879	Jackquelin	Gillon	jgillonoe@xing.com	246.124.53.35	AA-CF-31-FF-38-6F	Marketing	4	1	China	0.50	f	53035	879	\N
880	Johan	Tutill	jtutillof@blogtalkradio.com	163.49.184.240	15-00-62-4C-83-EB	Research and Development	2	0	Russia	1.00	f	91108	880	1991-12-12
881	Filberte	Houldcroft	fhouldcroftog@virginia.edu	95.140.182.223	69-72-D3-BE-E8-5C	Accounting	5	0	China	0.75	f	96108	881	2006-09-06
882	Mart	Arenson	marensonoh@admin.ch	239.185.167.36	15-DD-62-FD-8A-6B	Human Resources	9	1	Russia	0.50	t	68326	882	1996-03-31
883	Halsey	Reedshaw	hreedshawoi@dailymail.co.uk	219.194.4.144	62-7B-C1-A4-90-3B	Accounting	6	0	Greece	1.00	f	80988	883	1992-01-07
884	Frankie	Phipson	fphipsonoj@whitehouse.gov	151.184.125.195	5D-6A-6C-69-CB-73	Research and Development	2	0	Brazil	0.75	f	20533	884	2014-07-14
885	Neilla	Meynell	nmeynellok@cornell.edu	198.191.220.129	1F-EE-E6-8C-5F-99	Accounting	4	0	China	0.50	t	46178	885	2006-03-30
886	Rebbecca	Stanbridge	rstanbridgeol@phpbb.com	14.153.193.3	7E-A8-B5-8B-DF-4B	Product Management	2	1	South Sudan	0.75	f	79142	886	1992-12-28
887	Yasmin	Benedetti	ybenedettiom@mail.ru	39.72.190.38	50-8D-D8-E2-CF-50	Human Resources	4	0	China	0.50	f	85495	887	2006-05-09
888	Aida	Di Domenico	adidomenicoon@themeforest.net	126.19.157.222	\N	Sales	2	0	United States	1.00	\N	27446	888	2002-07-01
889	Augustine	Shrubshall	ashrubshalloo@vistaprint.com	68.190.245.11	D5-41-A1-08-BE-E1	Engineering	6	0	Portugal	0.50	f	74180	889	2001-02-10
890	Marci	Nelson	mnelsonop@xinhuanet.com	62.85.79.95	EC-B1-AD-9F-17-9B	Human Resources	4	0	Indonesia	0.75	f	73200	890	2017-08-09
891	Iolanthe	Stringer	istringeroq@scribd.com	162.182.122.167	79-A8-1C-BA-D5-0D	Services	9	1	United States	1.00	t	68742	891	1992-03-23
892	Yetty	Dechelle	\N	107.55.61.86	0E-1D-DA-09-75-25	Accounting	1	0	China	0.75	f	75095	892	1997-05-15
893	Jacqui	Emanuel	jemanuelos@walmart.com	101.207.94.245	2C-27-65-BF-D1-4F	Product Management	5	1	Laos	1.00	f	35473	893	2001-05-10
894	Giovanni	Maddrell	\N	135.250.71.56	D2-01-C2-27-AB-DB	Services	1	1	Ukraine	0.75	t	34932	894	1999-10-18
895	Uriah	Balhatchet	ubalhatchetou@posterous.com	5.216.59.175	35-FF-18-89-A3-B3	Human Resources	1	1	United States	1.00	f	62266	895	1991-12-27
896	Jany	Stollwerck	jstollwerckov@tuttocitta.it	36.154.150.34	B2-7B-9D-0A-E5-E1	Legal	6	0	China	0.25	f	44869	896	1992-04-07
897	Samaria	Writtle	swrittleow@zimbio.com	102.77.85.13	31-9B-3F-03-7D-0A	Sales	4	0	Indonesia	1.00	t	48671	897	\N
898	Ambrosi	McPhelim	amcphelimox@imdb.com	54.137.166.221	36-B3-D2-18-47-FE	Support	9	0	Pakistan	0.50	f	77092	898	2011-03-06
899	Spenser	Mote	smoteoy@webeden.co.uk	237.254.21.154	95-5B-30-C5-B0-86	Training	10	0	Reunion	0.50	t	34868	899	2002-06-08
900	Sonya	Hubbard	shubbardoz@zimbio.com	227.211.33.115	B4-9E-4B-24-39-A3	Human Resources	6	0	Philippines	0.50	f	50014	900	2004-07-27
901	Garland	Belfit	gbelfitp0@jiathis.com	13.19.32.94	84-63-E2-47-C5-77	Human Resources	9	0	Indonesia	1.00	f	36575	901	1990-08-04
902	Goran	McGinn	gmcginnp1@meetup.com	161.145.172.80	8F-99-3B-C9-7A-D8	Sales	4	0	Philippines	0.50	t	45115	902	2007-07-31
903	Raleigh	Ropkes	rropkesp2@google.nl	41.30.131.96	9B-94-5E-B3-2E-3A	Legal	6	0	Tanzania	0.50	f	75063	903	2001-01-01
904	Gianni	Redfearn	gredfearnp3@uol.com.br	200.60.110.160	EB-D7-5F-78-A3-F5	Product Management	5	0	Brazil	0.25	t	65009	904	1995-10-16
905	Meridith	Veitch	mveitchp4@weather.com	115.193.75.66	55-B7-B0-02-F4-DC	Accounting	2	0	China	0.25	f	\N	905	1997-09-11
906	Allegra	Valentine	avalentinep5@yandex.ru	102.81.149.222	4C-26-69-7D-C1-9A	Research and Development	6	0	China	0.75	t	22973	906	1997-02-17
907	Jolee	Hamer	\N	252.163.230.124	E0-88-9A-87-B0-E5	Engineering	1	0	United States	0.75	t	62412	907	1995-02-20
908	Karna	Demead	kdemeadp7@wired.com	18.113.88.40	1C-2D-F0-1C-9A-E5	Human Resources	2	0	Philippines	0.50	t	31076	908	2002-01-24
909	Trish	Thynn	tthynnp8@cam.ac.uk	32.94.185.28	8D-66-57-31-C2-CE	Accounting	7	1	Portugal	1.00	t	47544	909	2003-03-17
910	Otha	Lumsdon	olumsdonp9@photobucket.com	179.196.207.103	2A-8C-A4-7F-64-06	Support	5	0	China	1.00	t	89126	910	1995-04-06
911	Gabrila	Maudett	gmaudettpa@hostgator.com	166.162.174.52	63-30-66-55-53-C7	Product Management	6	0	France	0.50	t	41185	911	2016-06-15
912	Georgia	Beagles	gbeaglespb@imgur.com	47.180.31.22	92-B5-69-AE-11-F1	Human Resources	10	0	North Korea	0.75	f	97257	912	2004-02-06
913	Vaclav	Antrim	vantrimpc@usgs.gov	130.221.112.133	8C-F4-3E-C4-D2-F3	Human Resources	10	0	Mexico	0.25	t	43980	913	2009-06-19
914	Daveen	De Lasci	ddelascipd@loc.gov	145.182.176.137	40-00-25-96-0C-0A	Support	5	0	Honduras	0.75	t	41651	914	2009-01-06
915	Tabor	Burtwhistle	\N	98.112.30.116	75-FA-64-49-55-79	Support	3	0	China	0.75	f	64555	915	\N
916	Emlyn	Berriball	eberriballpf@mozilla.com	114.172.170.183	\N	Sales	8	0	Poland	0.25	\N	62976	916	1993-12-08
917	Brett	Macura	bmacurapg@pagesperso-orange.fr	24.69.164.117	F5-2B-5C-43-DB-B7	Legal	7	0	China	1.00	f	95525	917	\N
918	Avril	Ibell	aibellph@who.int	137.0.16.234	43-53-62-E0-4C-2A	Product Management	5	1	Philippines	0.25	t	73488	918	2019-04-15
919	Symon	Bolletti	sbollettipi@facebook.com	108.16.177.162	74-A1-78-75-89-78	Accounting	1	0	Russia	0.50	t	28861	919	1994-04-15
920	Janaya	Giacopazzi	jgiacopazzipj@baidu.com	255.3.111.191	92-6C-EC-1B-2B-6A	Training	5	0	Antigua and Barbuda	1.00	t	66154	920	2014-05-20
921	Gardner	Routh	grouthpk@feedburner.com	110.206.66.75	49-5F-D5-EC-F5-4C	Human Resources	8	1	Georgia	1.00	f	62858	921	\N
922	Conn	Robiot	crobiotpl@storify.com	55.190.170.55	D2-BA-97-96-48-27	Human Resources	9	1	Zambia	0.25	f	35786	922	1991-07-23
923	Chrystal	Husher	chusherpm@bandcamp.com	202.57.97.249	53-8A-5D-02-DA-28	Engineering	2	1	United States	0.50	t	49666	923	2012-05-03
924	Claus	Hadigate	chadigatepn@diigo.com	17.95.1.112	D2-38-53-94-9A-AE	Marketing	6	0	Sweden	1.00	f	\N	924	2008-10-01
925	Mano	O'Dowd	modowdpo@blogs.com	113.15.83.250	2F-EC-06-C8-7A-1B	Business Development	3	0	Philippines	1.00	t	81828	925	2003-09-02
926	Orlando	Chessill	ochessillpp@boston.com	105.166.232.110	65-F0-65-3E-7A-F2	Product Management	2	0	Mongolia	1.00	f	91487	926	2003-12-28
927	Wendye	Gilhooly	wgilhoolypq@naver.com	12.128.162.254	E8-4E-03-0E-51-B5	Legal	1	1	Uzbekistan	0.75	f	42985	927	2006-06-12
928	Tremaine	Gilffilland	tgilffillandpr@shareasale.com	160.35.211.189	56-2F-98-CC-CF-04	Legal	8	1	Swaziland	0.75	t	23970	928	1994-01-13
929	Elana	Gennrich	egennrichps@google.it	144.148.30.144	06-E9-7A-25-90-6F	Marketing	8	1	China	0.75	t	34126	929	\N
930	Travers	De Stoop	tdestooppt@deliciousdays.com	156.83.102.72	E0-09-17-B1-5B-81	Services	9	1	China	0.50	f	53400	930	2016-09-12
931	Abeu	Pawden	apawdenpu@comcast.net	103.89.48.100	C6-37-94-AE-74-F8	Sales	6	0	Afghanistan	0.75	t	58366	931	2016-03-01
932	Maxi	Jirus	mjiruspv@goo.gl	157.212.252.200	\N	Human Resources	8	0	Mexico	0.50	\N	43812	932	2012-05-03
933	Mitchell	Prydie	mprydiepw@pbs.org	105.38.187.144	76-0D-F1-80-79-C6	Research and Development	1	0	China	1.00	t	62576	933	1997-03-20
934	Merilee	Caller	mcallerpx@comcast.net	1.191.51.191	A3-FB-E5-A2-5A-0D	Accounting	10	0	China	0.50	t	81255	934	2012-05-30
935	Sigismondo	Bredgeland	sbredgelandpy@posterous.com	46.141.248.142	65-90-B1-6F-0F-39	Human Resources	10	0	China	1.00	f	29735	935	2014-09-13
936	Audrey	Bayns	abaynspz@1688.com	45.230.196.244	70-5A-9F-93-F3-E5	Research and Development	6	1	Czech Republic	0.50	t	39554	936	2010-01-22
937	Bailie	McLennan	bmclennanq0@soup.io	30.71.121.53	AD-B1-F0-95-75-B0	Services	6	0	Brazil	0.75	t	20306	937	2018-09-22
938	Bekki	Belshaw	bbelshawq1@blogs.com	101.213.253.68	F5-4E-D5-54-B7-AF	Business Development	5	\N	Honduras	0.75	f	25593	938	2010-11-14
939	Keri	Penhalewick	kpenhalewickq2@deliciousdays.com	98.99.119.41	74-BE-98-FD-44-29	Marketing	8	0	Pakistan	0.50	t	64607	939	2015-03-19
940	Joella	Leavold	jleavoldq3@sogou.com	228.53.0.122	B7-36-AC-B0-43-F7	Product Management	8	1	Spain	0.50	t	74851	940	2013-12-30
941	Trumann	Turbitt	tturbittq4@de.vu	187.107.141.240	5F-84-F0-10-89-43	Legal	7	0	Argentina	0.50	f	83605	941	2004-09-18
942	Isobel	McMillan	\N	30.215.196.93	8E-97-2D-55-C5-70	Human Resources	7	0	Philippines	0.75	t	\N	942	2011-10-18
943	Marleen	Stolze	mstolzeq6@usda.gov	57.239.115.124	87-EF-FC-DB-5E-C2	Human Resources	7	0	Poland	0.25	f	48619	943	2015-10-03
944	Velvet	Mellodey	vmellodeyq7@huffingtonpost.com	183.68.57.173	E0-CA-78-5F-AA-3A	Legal	2	0	Philippines	0.75	t	70961	944	\N
945	Brynn	Fruser	\N	\N	A7-E7-BE-EB-13-17	Research and Development	5	0	China	0.25	f	70689	945	2018-06-18
946	Belle	Buckwell	bbuckwellq9@bbc.co.uk	110.34.186.203	7A-BE-92-CF-FA-03	Marketing	2	0	Morocco	0.75	f	91824	946	\N
947	Patrice	Chitty	\N	232.66.238.185	96-EA-B8-2F-9E-57	Support	8	0	Russia	0.25	f	99853	947	2015-01-20
948	Justus	Duprey	jdupreyqb@feedburner.com	127.46.194.174	A1-CD-AA-AC-61-76	Sales	3	0	Ukraine	0.25	t	86074	948	2018-01-14
949	Aldo	Leroy	aleroyqc@skyrock.com	\N	C6-70-41-D8-FE-B8	Marketing	7	0	China	1.00	t	71398	949	1997-03-27
950	Shell	Over	soverqd@icio.us	148.217.90.244	CD-DF-E9-06-FA-0C	Engineering	9	0	Canada	0.75	f	82488	950	2001-07-12
951	Missie	Ollington	mollingtonqe@opensource.org	28.168.196.220	4C-53-97-ED-7F-AE	Product Management	3	1	China	0.25	t	46856	951	2004-01-29
952	Manuel	Ferrarotti	mferrarottiqf@ovh.net	192.2.133.60	DB-92-35-F7-83-6A	Engineering	6	0	China	0.75	f	45302	952	2003-02-16
953	Konstance	Gynn	\N	\N	F7-8E-1A-EC-E4-9B	Business Development	6	1	Australia	0.25	t	27897	953	2005-08-01
954	Augustine	Le Galle	\N	215.96.70.67	9B-78-E9-14-48-61	Research and Development	9	0	France	0.25	t	95564	954	2007-12-01
955	Martainn	McCaughan	mmccaughanqi@dion.ne.jp	28.198.163.141	3B-09-87-96-C0-D5	Marketing	10	0	Finland	0.75	f	\N	955	\N
956	Terry	Sawforde	tsawfordeqj@mit.edu	150.17.230.73	10-93-28-FF-F5-56	Engineering	10	1	Indonesia	0.75	f	75640	956	1996-04-24
957	Devy	Corsar	dcorsarqk@princeton.edu	207.220.100.182	CC-3D-75-2B-64-CF	Human Resources	6	1	China	0.75	f	50180	957	2016-04-19
958	Massimiliano	Emsden	memsdenql@goodreads.com	120.162.43.152	5E-43-54-41-8C-24	Services	2	\N	China	0.75	f	90171	958	2012-08-06
959	Margo	Keaves	mkeavesqm@google.com	2.223.207.184	A2-89-3C-04-26-24	Sales	3	0	Pakistan	1.00	f	81942	959	2004-06-12
960	Joela	McClenaghan	jmcclenaghanqn@aboutads.info	147.157.207.99	15-6A-C6-C6-2F-0A	Legal	10	0	China	1.00	t	56952	960	2011-02-19
961	Martguerita	Cervantes	mcervantesqo@webnode.com	183.36.80.240	46-CF-59-03-EB-EA	Accounting	4	0	Russia	0.75	f	70199	961	2005-08-18
962	Massimiliano	Cowlard	mcowlardqp@sciencedirect.com	231.79.202.231	DA-F5-92-89-88-01	Support	6	0	Malaysia	1.00	t	37950	962	2012-03-15
963	Jessalin	Gobbet	jgobbetqq@ameblo.jp	51.231.249.183	B2-BA-3E-84-43-1A	Accounting	1	1	Tanzania	1.00	f	99551	963	2000-07-12
964	Ellie	Bramham	ebramhamqr@comsenz.com	6.231.24.104	C8-C3-06-76-FE-D4	Human Resources	6	1	Indonesia	0.25	f	78518	964	1996-05-15
965	Brucie	Ceschini	bceschiniqs@edublogs.org	\N	DB-D6-6B-E0-C8-69	Sales	1	0	Chile	1.00	t	99634	965	1999-07-30
966	Cash	Burbury	cburburyqt@prnewswire.com	159.169.56.104	39-83-96-29-DC-A2	Engineering	1	0	Tunisia	0.25	f	64494	966	2010-12-04
967	Elsinore	Stein	\N	78.73.141.167	18-AB-9A-7E-DA-66	Legal	2	0	Malaysia	1.00	t	\N	967	2013-01-25
968	Tara	Simonyi	tsimonyiqv@tamu.edu	118.88.42.72	77-D1-2C-3A-28-EF	Services	9	0	Philippines	0.75	t	42243	968	1992-07-06
969	Shayla	Pinsent	spinsentqw@etsy.com	\N	97-94-97-9B-52-EB	Training	1	0	Philippines	1.00	f	26673	969	1994-06-20
970	Misha	Shotboulte	mshotboulteqx@house.gov	60.237.214.14	9B-F6-B2-47-57-3D	Marketing	6	0	United States	0.25	t	51165	970	\N
971	Shelagh	Leys	sleysqy@amazonaws.com	104.144.150.59	DC-43-29-BA-67-92	Accounting	7	0	China	1.00	t	59776	971	2010-02-19
972	Fernando	MacWhirter	fmacwhirterqz@marriott.com	120.148.168.5	55-14-8B-55-E7-97	Product Management	10	0	France	1.00	t	99086	972	\N
973	Constantine	Mosley	cmosleyr0@typepad.com	235.235.117.25	0B-FE-DD-06-F2-A5	Human Resources	7	0	China	0.75	t	21164	973	1990-12-06
974	\N	Hemerijk	hhemerijkr1@altervista.org	6.127.243.122	C6-A1-1C-36-79-8E	Human Resources	1	0	Hong Kong	0.25	t	81814	974	2018-10-24
975	Leonie	Haggleton	\N	156.216.203.154	\N	Sales	8	0	Indonesia	0.50	\N	87628	975	1990-02-25
976	Fransisco	Rue	fruer3@reverbnation.com	140.119.137.142	76-92-72-26-65-3C	Training	7	0	Mayotte	0.75	f	89297	976	2008-05-30
977	Leonanie	Joris	ljorisr4@army.mil	129.40.40.15	0C-59-8C-11-6E-95	Research and Development	5	0	Poland	0.50	f	77140	977	2010-03-28
978	Pandora	Duesbury	pduesburyr5@people.com.cn	72.80.8.215	14-FE-54-51-D7-91	Marketing	2	1	Philippines	0.50	t	42685	978	1995-02-09
979	Tam	Tsar	ttsarr6@smh.com.au	133.163.25.211	32-2D-35-B1-04-E9	Engineering	9	0	Argentina	1.00	t	37676	979	1990-03-17
980	Phylis	Cliss	\N	\N	07-59-9F-44-CF-7B	Sales	2	0	China	0.50	f	55936	980	2001-09-09
981	Kelley	Le Batteur	klebatteurr8@photobucket.com	137.163.119.50	7E-BC-9E-47-ED-CD	Accounting	5	0	Colombia	0.25	t	97328	981	2016-01-18
982	Maurita	Sirkett	msirkettr9@webs.com	131.70.179.95	DF-0C-15-F3-0E-5F	Legal	6	0	Ecuador	0.25	f	97989	982	2006-12-09
983	Annadiane	Karle	\N	112.192.204.214	B9-F6-DD-5F-C1-45	Accounting	10	\N	Ukraine	0.25	t	40524	983	2003-04-17
984	Lenette	Cameron	lcameronrb@economist.com	180.31.102.77	33-34-FC-92-D7-BA	Product Management	3	0	China	0.50	t	83562	984	2009-06-17
985	Bernardine	Brasier	bbrasierrc@wiley.com	23.77.183.136	21-0A-9B-92-DB-9A	Training	6	0	Portugal	0.50	f	\N	985	1997-02-26
986	Pennie	Hanhardt	phanhardtrd@flavors.me	234.139.231.61	61-8B-6C-BB-39-03	Engineering	10	0	Libya	0.75	t	23358	986	2006-02-24
987	Allix	Selbie	\N	234.187.41.95	99-76-B4-0F-3B-7C	Product Management	5	\N	Paraguay	0.50	t	28961	987	1992-02-21
988	Darius	Uman	dumanrf@weebly.com	161.29.174.32	6D-4C-23-E9-8A-8C	Business Development	10	0	China	0.50	t	46370	988	2006-08-01
989	Rosalynd	Carville	rcarvillerg@smugmug.com	177.250.197.186	2E-24-69-EE-60-6D	Support	10	0	Iran	0.25	f	25805	989	2008-05-09
990	Malvina	Tiernan	mtiernanrh@vk.com	184.64.103.121	F8-79-B8-10-8E-5A	Support	6	0	Ukraine	0.25	f	55582	990	2004-05-27
991	Mahalia	Scotson	mscotsonri@arstechnica.com	154.85.97.217	7C-C8-20-C0-1D-D4	Product Management	6	1	China	0.25	f	66119	991	2012-11-09
992	Yanaton	Kollach	ykollachrj@gizmodo.com	111.52.60.174	D6-C3-01-EF-F1-DB	Services	4	0	Brazil	0.75	f	41666	992	1991-11-28
993	Melina	Simpole	msimpolerk@blogspot.com	47.52.213.18	03-18-53-39-3D-C9	Business Development	1	1	China	0.25	f	83585	993	\N
994	Dani	Berthelet	dbertheletrl@si.edu	82.120.23.217	24-6A-68-75-71-8F	Legal	5	1	Chile	1.00	t	85316	994	1999-09-24
995	Anetta	Housiaux	ahousiauxrm@japanpost.jp	156.15.36.130	B5-70-76-CC-3E-07	Sales	9	0	Indonesia	0.50	f	51158	995	2012-02-21
996	Jacky	Josefsen	jjosefsenrn@seattletimes.com	69.193.38.155	4C-93-61-12-73-F5	Training	6	1	Colombia	0.25	f	75840	996	2011-11-03
997	Carlina	Pirot	cpirotro@archive.org	7.159.150.224	5F-BF-BD-78-BB-6C	Business Development	2	0	China	1.00	f	63189	997	2018-08-30
998	Wileen	Skones	wskonesrp@hhs.gov	175.165.169.61	7A-0F-61-00-44-D9	Accounting	4	0	Uganda	0.25	t	81734	998	2000-11-26
999	Willy	Dulake	wdulakerq@webeden.co.uk	99.236.30.108	FD-53-FA-15-66-D0	Business Development	9	0	Colombia	0.25	f	21590	999	2018-08-01
1000	Maribelle	Rotge	mrotgerr@google.co.uk	222.242.118.225	62-7E-59-BA-B2-B0	Research and Development	5	0	Brazil	0.50	t	62531	1000	2019-03-09
\.

INSERT INTO committees (id, name) VALUES (1, 'Health and Safety');
INSERT INTO committees (id, name) VALUES (2, 'Social');
INSERT INTO committees (id, name) VALUES (3, 'Equality and Diversity');
INSERT INTO committees (id, name) VALUES (4, 'Ethics');
INSERT INTO committees (id, name) VALUES (5, 'Community Engagement');

INSERT INTO employees_committees (id, employee_id, committee_id) VALUES (1, 507, 1);
INSERT INTO employees_committees (id, employee_id, committee_id) VALUES (2, 104, 1);
INSERT INTO employees_committees (id, employee_id, committee_id) VALUES (3, 434, 1);
INSERT INTO employees_committees (id, employee_id, committee_id) VALUES (4, 607, 1);
INSERT INTO employees_committees (id, employee_id, committee_id) VALUES (5, 883, 1);
INSERT INTO employees_committees (id, employee_id, committee_id) VALUES (6, 761, 2);
INSERT INTO employees_committees (id, employee_id, committee_id) VALUES (7, 612, 2);
INSERT INTO employees_committees (id, employee_id, committee_id) VALUES (8, 434, 2);
INSERT INTO employees_committees (id, employee_id, committee_id) VALUES (9, 189, 2);
INSERT INTO employees_committees (id, employee_id, committee_id) VALUES (10, 176, 2);
INSERT INTO employees_committees (id, employee_id, committee_id) VALUES (11, 917, 3);
INSERT INTO employees_committees (id, employee_id, committee_id) VALUES (12, 287, 3);
INSERT INTO employees_committees (id, employee_id, committee_id) VALUES (13, 703, 3);
INSERT INTO employees_committees (id, employee_id, committee_id) VALUES (14, 607, 3);
INSERT INTO employees_committees (id, employee_id, committee_id) VALUES (15, 355, 3);
INSERT INTO employees_committees (id, employee_id, committee_id) VALUES (16, 922, 4);
INSERT INTO employees_committees (id, employee_id, committee_id) VALUES (17, 819, 4);
INSERT INTO employees_committees (id, employee_id, committee_id) VALUES (18, 752, 4);
INSERT INTO employees_committees (id, employee_id, committee_id) VALUES (19, 323, 4);
INSERT INTO employees_committees (id, employee_id, committee_id) VALUES (20, 667, 5);
INSERT INTO employees_committees (id, employee_id, committee_id) VALUES (21, 333, 5);
INSERT INTO employees_committees (id, employee_id, committee_id) VALUES (22, 201, 5);
INSERT INTO employees_committees (id, employee_id, committee_id) VALUES (23, 499, 5);
INSERT INTO employees_committees (id, employee_id, committee_id) VALUES (24, 500, 5);

